[2025-09-29 17:58:13] local.ERROR: The "--columns" option does not exist. {"exception":"[object] (Symfony\\Component\\Console\\Exception\\RuntimeException(code: 0): The \"--columns\" option does not exist. at /var/www/html/ujian-tpd-wildani/vendor/symfony/console/Input/ArgvInput.php:226)
[stacktrace]
#0 /var/www/html/ujian-tpd-wildani/vendor/symfony/console/Input/ArgvInput.php(153): Symfony\\Component\\Console\\Input\\ArgvInput->addLongOption()
#1 /var/www/html/ujian-tpd-wildani/vendor/symfony/console/Input/ArgvInput.php(88): Symfony\\Component\\Console\\Input\\ArgvInput->parseLongOption()
#2 /var/www/html/ujian-tpd-wildani/vendor/symfony/console/Input/ArgvInput.php(77): Symfony\\Component\\Console\\Input\\ArgvInput->parseToken()
#3 /var/www/html/ujian-tpd-wildani/vendor/symfony/console/Input/Input.php(53): Symfony\\Component\\Console\\Input\\ArgvInput->parse()
#4 /var/www/html/ujian-tpd-wildani/vendor/symfony/console/Command/Command.php(276): Symfony\\Component\\Console\\Input\\Input->bind()
#5 /var/www/html/ujian-tpd-wildani/vendor/laravel/framework/src/Illuminate/Console/Command.php(180): Symfony\\Component\\Console\\Command\\Command->run()
#6 /var/www/html/ujian-tpd-wildani/vendor/symfony/console/Application.php(1110): Illuminate\\Console\\Command->run()
#7 /var/www/html/ujian-tpd-wildani/vendor/symfony/console/Application.php(359): Symfony\\Component\\Console\\Application->doRunCommand()
#8 /var/www/html/ujian-tpd-wildani/vendor/symfony/console/Application.php(194): Symfony\\Component\\Console\\Application->doRun()
#9 /var/www/html/ujian-tpd-wildani/vendor/laravel/framework/src/Illuminate/Foundation/Console/Kernel.php(197): Symfony\\Component\\Console\\Application->run()
#10 /var/www/html/ujian-tpd-wildani/vendor/laravel/framework/src/Illuminate/Foundation/Application.php(1235): Illuminate\\Foundation\\Console\\Kernel->handle()
#11 /var/www/html/ujian-tpd-wildani/artisan(16): Illuminate\\Foundation\\Application->handleCommand()
#12 {main}
"} 
[2025-09-29 17:58:15] local.ERROR: The "--columns" option does not exist. {"exception":"[object] (Symfony\\Component\\Console\\Exception\\RuntimeException(code: 0): The \"--columns\" option does not exist. at /var/www/html/ujian-tpd-wildani/vendor/symfony/console/Input/ArgvInput.php:226)
[stacktrace]
#0 /var/www/html/ujian-tpd-wildani/vendor/symfony/console/Input/ArgvInput.php(153): Symfony\\Component\\Console\\Input\\ArgvInput->addLongOption()
#1 /var/www/html/ujian-tpd-wildani/vendor/symfony/console/Input/ArgvInput.php(88): Symfony\\Component\\Console\\Input\\ArgvInput->parseLongOption()
#2 /var/www/html/ujian-tpd-wildani/vendor/symfony/console/Input/ArgvInput.php(77): Symfony\\Component\\Console\\Input\\ArgvInput->parseToken()
#3 /var/www/html/ujian-tpd-wildani/vendor/symfony/console/Input/Input.php(53): Symfony\\Component\\Console\\Input\\ArgvInput->parse()
#4 /var/www/html/ujian-tpd-wildani/vendor/symfony/console/Command/Command.php(276): Symfony\\Component\\Console\\Input\\Input->bind()
#5 /var/www/html/ujian-tpd-wildani/vendor/laravel/framework/src/Illuminate/Console/Command.php(180): Symfony\\Component\\Console\\Command\\Command->run()
#6 /var/www/html/ujian-tpd-wildani/vendor/symfony/console/Application.php(1110): Illuminate\\Console\\Command->run()
#7 /var/www/html/ujian-tpd-wildani/vendor/symfony/console/Application.php(359): Symfony\\Component\\Console\\Application->doRunCommand()
#8 /var/www/html/ujian-tpd-wildani/vendor/symfony/console/Application.php(194): Symfony\\Component\\Console\\Application->doRun()
#9 /var/www/html/ujian-tpd-wildani/vendor/laravel/framework/src/Illuminate/Foundation/Console/Kernel.php(197): Symfony\\Component\\Console\\Application->run()
#10 /var/www/html/ujian-tpd-wildani/vendor/laravel/framework/src/Illuminate/Foundation/Application.php(1235): Illuminate\\Foundation\\Console\\Kernel->handle()
#11 /var/www/html/ujian-tpd-wildani/artisan(16): Illuminate\\Foundation\\Application->handleCommand()
#12 {main}
"} 
[2025-09-29 17:58:17] local.ERROR: The "--columns" option does not exist. {"exception":"[object] (Symfony\\Component\\Console\\Exception\\RuntimeException(code: 0): The \"--columns\" option does not exist. at /var/www/html/ujian-tpd-wildani/vendor/symfony/console/Input/ArgvInput.php:226)
[stacktrace]
#0 /var/www/html/ujian-tpd-wildani/vendor/symfony/console/Input/ArgvInput.php(153): Symfony\\Component\\Console\\Input\\ArgvInput->addLongOption()
#1 /var/www/html/ujian-tpd-wildani/vendor/symfony/console/Input/ArgvInput.php(88): Symfony\\Component\\Console\\Input\\ArgvInput->parseLongOption()
#2 /var/www/html/ujian-tpd-wildani/vendor/symfony/console/Input/ArgvInput.php(77): Symfony\\Component\\Console\\Input\\ArgvInput->parseToken()
#3 /var/www/html/ujian-tpd-wildani/vendor/symfony/console/Input/Input.php(53): Symfony\\Component\\Console\\Input\\ArgvInput->parse()
#4 /var/www/html/ujian-tpd-wildani/vendor/symfony/console/Command/Command.php(276): Symfony\\Component\\Console\\Input\\Input->bind()
#5 /var/www/html/ujian-tpd-wildani/vendor/laravel/framework/src/Illuminate/Console/Command.php(180): Symfony\\Component\\Console\\Command\\Command->run()
#6 /var/www/html/ujian-tpd-wildani/vendor/symfony/console/Application.php(1110): Illuminate\\Console\\Command->run()
#7 /var/www/html/ujian-tpd-wildani/vendor/symfony/console/Application.php(359): Symfony\\Component\\Console\\Application->doRunCommand()
#8 /var/www/html/ujian-tpd-wildani/vendor/symfony/console/Application.php(194): Symfony\\Component\\Console\\Application->doRun()
#9 /var/www/html/ujian-tpd-wildani/vendor/laravel/framework/src/Illuminate/Foundation/Console/Kernel.php(197): Symfony\\Component\\Console\\Application->run()
#10 /var/www/html/ujian-tpd-wildani/vendor/laravel/framework/src/Illuminate/Foundation/Application.php(1235): Illuminate\\Foundation\\Console\\Kernel->handle()
#11 /var/www/html/ujian-tpd-wildani/artisan(16): Illuminate\\Foundation\\Application->handleCommand()
#12 {main}
"} 
[2025-09-29 17:58:38] local.ERROR: could not find driver (Connection: sqlite, SQL: select * from "sessions" where "id" = jWVkR2d2OQvBGj8OHPdqYPHh1qICGZjh35YUDDpd limit 1) {"exception":"[object] (Illuminate\\Database\\QueryException(code: 0): could not find driver (Connection: sqlite, SQL: select * from \"sessions\" where \"id\" = jWVkR2d2OQvBGj8OHPdqYPHh1qICGZjh35YUDDpd limit 1) at /var/www/html/ujian-tpd-wildani/vendor/laravel/framework/src/Illuminate/Database/Connection.php:824)
[stacktrace]
#0 /var/www/html/ujian-tpd-wildani/vendor/laravel/framework/src/Illuminate/Database/Connection.php(778): Illuminate\\Database\\Connection->runQueryCallback()
#1 /var/www/html/ujian-tpd-wildani/vendor/laravel/framework/src/Illuminate/Database/Connection.php(397): Illuminate\\Database\\Connection->run()
#2 /var/www/html/ujian-tpd-wildani/vendor/laravel/framework/src/Illuminate/Database/Query/Builder.php(3188): Illuminate\\Database\\Connection->select()
#3 /var/www/html/ujian-tpd-wildani/vendor/laravel/framework/src/Illuminate/Database/Query/Builder.php(3173): Illuminate\\Database\\Query\\Builder->runSelect()
#4 /var/www/html/ujian-tpd-wildani/vendor/laravel/framework/src/Illuminate/Database/Query/Builder.php(3763): Illuminate\\Database\\Query\\Builder->Illuminate\\Database\\Query\\{closure}()
#5 /var/www/html/ujian-tpd-wildani/vendor/laravel/framework/src/Illuminate/Database/Query/Builder.php(3172): Illuminate\\Database\\Query\\Builder->onceWithColumns()
#6 /var/www/html/ujian-tpd-wildani/vendor/laravel/framework/src/Illuminate/Database/Concerns/BuildsQueries.php(366): Illuminate\\Database\\Query\\Builder->get()
#7 /var/www/html/ujian-tpd-wildani/vendor/laravel/framework/src/Illuminate/Database/Query/Builder.php(3095): Illuminate\\Database\\Query\\Builder->first()
#8 /var/www/html/ujian-tpd-wildani/vendor/laravel/framework/src/Illuminate/Session/DatabaseSessionHandler.php(96): Illuminate\\Database\\Query\\Builder->find()
#9 /var/www/html/ujian-tpd-wildani/vendor/laravel/framework/src/Illuminate/Session/Store.php(117): Illuminate\\Session\\DatabaseSessionHandler->read()
#10 /var/www/html/ujian-tpd-wildani/vendor/laravel/framework/src/Illuminate/Session/Store.php(105): Illuminate\\Session\\Store->readFromHandler()
#11 /var/www/html/ujian-tpd-wildani/vendor/laravel/framework/src/Illuminate/Session/Store.php(89): Illuminate\\Session\\Store->loadSession()
#12 /var/www/html/ujian-tpd-wildani/vendor/laravel/framework/src/Illuminate/Session/Middleware/StartSession.php(146): Illuminate\\Session\\Store->start()
#13 /var/www/html/ujian-tpd-wildani/vendor/laravel/framework/src/Illuminate/Support/helpers.php(390): Illuminate\\Session\\Middleware\\StartSession->Illuminate\\Session\\Middleware\\{closure}()
#14 /var/www/html/ujian-tpd-wildani/vendor/laravel/framework/src/Illuminate/Session/Middleware/StartSession.php(143): tap()
#15 /var/www/html/ujian-tpd-wildani/vendor/laravel/framework/src/Illuminate/Session/Middleware/StartSession.php(115): Illuminate\\Session\\Middleware\\StartSession->startSession()
#16 /var/www/html/ujian-tpd-wildani/vendor/laravel/framework/src/Illuminate/Session/Middleware/StartSession.php(63): Illuminate\\Session\\Middleware\\StartSession->handleStatefulRequest()
#17 /var/www/html/ujian-tpd-wildani/vendor/laravel/framework/src/Illuminate/Pipeline/Pipeline.php(219): Illuminate\\Session\\Middleware\\StartSession->handle()
#18 /var/www/html/ujian-tpd-wildani/vendor/laravel/framework/src/Illuminate/Cookie/Middleware/AddQueuedCookiesToResponse.php(36): Illuminate\\Pipeline\\Pipeline->Illuminate\\Pipeline\\{closure}()
#19 /var/www/html/ujian-tpd-wildani/vendor/laravel/framework/src/Illuminate/Pipeline/Pipeline.php(219): Illuminate\\Cookie\\Middleware\\AddQueuedCookiesToResponse->handle()
#20 /var/www/html/ujian-tpd-wildani/vendor/laravel/framework/src/Illuminate/Cookie/Middleware/EncryptCookies.php(74): Illuminate\\Pipeline\\Pipeline->Illuminate\\Pipeline\\{closure}()
#21 /var/www/html/ujian-tpd-wildani/vendor/laravel/framework/src/Illuminate/Pipeline/Pipeline.php(219): Illuminate\\Cookie\\Middleware\\EncryptCookies->handle()
#22 /var/www/html/ujian-tpd-wildani/vendor/laravel/framework/src/Illuminate/Pipeline/Pipeline.php(137): Illuminate\\Pipeline\\Pipeline->Illuminate\\Pipeline\\{closure}()
#23 /var/www/html/ujian-tpd-wildani/vendor/laravel/framework/src/Illuminate/Routing/Router.php(821): Illuminate\\Pipeline\\Pipeline->then()
#24 /var/www/html/ujian-tpd-wildani/vendor/laravel/framework/src/Illuminate/Routing/Router.php(800): Illuminate\\Routing\\Router->runRouteWithinStack()
#25 /var/www/html/ujian-tpd-wildani/vendor/laravel/framework/src/Illuminate/Routing/Router.php(764): Illuminate\\Routing\\Router->runRoute()
#26 /var/www/html/ujian-tpd-wildani/vendor/laravel/framework/src/Illuminate/Routing/Router.php(753): Illuminate\\Routing\\Router->dispatchToRoute()
#27 /var/www/html/ujian-tpd-wildani/vendor/laravel/framework/src/Illuminate/Foundation/Http/Kernel.php(200): Illuminate\\Routing\\Router->dispatch()
#28 /var/www/html/ujian-tpd-wildani/vendor/laravel/framework/src/Illuminate/Pipeline/Pipeline.php(180): Illuminate\\Foundation\\Http\\Kernel->Illuminate\\Foundation\\Http\\{closure}()
#29 /var/www/html/ujian-tpd-wildani/vendor/laravel/framework/src/Illuminate/Foundation/Http/Middleware/TransformsRequest.php(21): Illuminate\\Pipeline\\Pipeline->Illuminate\\Pipeline\\{closure}()
#30 /var/www/html/ujian-tpd-wildani/vendor/laravel/framework/src/Illuminate/Foundation/Http/Middleware/ConvertEmptyStringsToNull.php(31): Illuminate\\Foundation\\Http\\Middleware\\TransformsRequest->handle()
#31 /var/www/html/ujian-tpd-wildani/vendor/laravel/framework/src/Illuminate/Pipeline/Pipeline.php(219): Illuminate\\Foundation\\Http\\Middleware\\ConvertEmptyStringsToNull->handle()
#32 /var/www/html/ujian-tpd-wildani/vendor/laravel/framework/src/Illuminate/Foundation/Http/Middleware/TransformsRequest.php(21): Illuminate\\Pipeline\\Pipeline->Illuminate\\Pipeline\\{closure}()
#33 /var/www/html/ujian-tpd-wildani/vendor/laravel/framework/src/Illuminate/Foundation/Http/Middleware/TrimStrings.php(51): Illuminate\\Foundation\\Http\\Middleware\\TransformsRequest->handle()
#34 /var/www/html/ujian-tpd-wildani/vendor/laravel/framework/src/Illuminate/Pipeline/Pipeline.php(219): Illuminate\\Foundation\\Http\\Middleware\\TrimStrings->handle()
#35 /var/www/html/ujian-tpd-wildani/vendor/laravel/framework/src/Illuminate/Http/Middleware/ValidatePostSize.php(27): Illuminate\\Pipeline\\Pipeline->Illuminate\\Pipeline\\{closure}()
#36 /var/www/html/ujian-tpd-wildani/vendor/laravel/framework/src/Illuminate/Pipeline/Pipeline.php(219): Illuminate\\Http\\Middleware\\ValidatePostSize->handle()
#37 /var/www/html/ujian-tpd-wildani/vendor/laravel/framework/src/Illuminate/Foundation/Http/Middleware/PreventRequestsDuringMaintenance.php(109): Illuminate\\Pipeline\\Pipeline->Illuminate\\Pipeline\\{closure}()
#38 /var/www/html/ujian-tpd-wildani/vendor/laravel/framework/src/Illuminate/Pipeline/Pipeline.php(219): Illuminate\\Foundation\\Http\\Middleware\\PreventRequestsDuringMaintenance->handle()
#39 /var/www/html/ujian-tpd-wildani/vendor/laravel/framework/src/Illuminate/Http/Middleware/HandleCors.php(48): Illuminate\\Pipeline\\Pipeline->Illuminate\\Pipeline\\{closure}()
#40 /var/www/html/ujian-tpd-wildani/vendor/laravel/framework/src/Illuminate/Pipeline/Pipeline.php(219): Illuminate\\Http\\Middleware\\HandleCors->handle()
#41 /var/www/html/ujian-tpd-wildani/vendor/laravel/framework/src/Illuminate/Http/Middleware/TrustProxies.php(58): Illuminate\\Pipeline\\Pipeline->Illuminate\\Pipeline\\{closure}()
#42 /var/www/html/ujian-tpd-wildani/vendor/laravel/framework/src/Illuminate/Pipeline/Pipeline.php(219): Illuminate\\Http\\Middleware\\TrustProxies->handle()
#43 /var/www/html/ujian-tpd-wildani/vendor/laravel/framework/src/Illuminate/Foundation/Http/Middleware/InvokeDeferredCallbacks.php(22): Illuminate\\Pipeline\\Pipeline->Illuminate\\Pipeline\\{closure}()
#44 /var/www/html/ujian-tpd-wildani/vendor/laravel/framework/src/Illuminate/Pipeline/Pipeline.php(219): Illuminate\\Foundation\\Http\\Middleware\\InvokeDeferredCallbacks->handle()
#45 /var/www/html/ujian-tpd-wildani/vendor/laravel/framework/src/Illuminate/Http/Middleware/ValidatePathEncoding.php(26): Illuminate\\Pipeline\\Pipeline->Illuminate\\Pipeline\\{closure}()
#46 /var/www/html/ujian-tpd-wildani/vendor/laravel/framework/src/Illuminate/Pipeline/Pipeline.php(219): Illuminate\\Http\\Middleware\\ValidatePathEncoding->handle()
#47 /var/www/html/ujian-tpd-wildani/vendor/laravel/framework/src/Illuminate/Pipeline/Pipeline.php(137): Illuminate\\Pipeline\\Pipeline->Illuminate\\Pipeline\\{closure}()
#48 /var/www/html/ujian-tpd-wildani/vendor/laravel/framework/src/Illuminate/Foundation/Http/Kernel.php(175): Illuminate\\Pipeline\\Pipeline->then()
#49 /var/www/html/ujian-tpd-wildani/vendor/laravel/framework/src/Illuminate/Foundation/Http/Kernel.php(144): Illuminate\\Foundation\\Http\\Kernel->sendRequestThroughRouter()
#50 /var/www/html/ujian-tpd-wildani/vendor/laravel/framework/src/Illuminate/Foundation/Application.php(1220): Illuminate\\Foundation\\Http\\Kernel->handle()
#51 /var/www/html/ujian-tpd-wildani/public/index.php(20): Illuminate\\Foundation\\Application->handleRequest()
#52 /var/www/html/ujian-tpd-wildani/vendor/laravel/framework/src/Illuminate/Foundation/resources/server.php(23): require_once('...')
#53 {main}

[previous exception] [object] (PDOException(code: 0): could not find driver at /var/www/html/ujian-tpd-wildani/vendor/laravel/framework/src/Illuminate/Database/Connectors/Connector.php:66)
[stacktrace]
#0 /var/www/html/ujian-tpd-wildani/vendor/laravel/framework/src/Illuminate/Database/Connectors/Connector.php(66): PDO->__construct()
#1 /var/www/html/ujian-tpd-wildani/vendor/laravel/framework/src/Illuminate/Database/Connectors/Connector.php(44): Illuminate\\Database\\Connectors\\Connector->createPdoConnection()
#2 /var/www/html/ujian-tpd-wildani/vendor/laravel/framework/src/Illuminate/Database/Connectors/SQLiteConnector.php(21): Illuminate\\Database\\Connectors\\Connector->createConnection()
#3 /var/www/html/ujian-tpd-wildani/vendor/laravel/framework/src/Illuminate/Database/Connectors/ConnectionFactory.php(223): Illuminate\\Database\\Connectors\\SQLiteConnector->connect()
#4 [internal function]: Illuminate\\Database\\Connectors\\ConnectionFactory->Illuminate\\Database\\Connectors\\{closure}()
#5 /var/www/html/ujian-tpd-wildani/vendor/laravel/framework/src/Illuminate/Database/Connection.php(1230): call_user_func()
#6 /var/www/html/ujian-tpd-wildani/vendor/laravel/framework/src/Illuminate/Database/Connection.php(511): Illuminate\\Database\\Connection->getPdo()
#7 /var/www/html/ujian-tpd-wildani/vendor/laravel/framework/src/Illuminate/Database/Connection.php(406): Illuminate\\Database\\Connection->getPdoForSelect()
#8 /var/www/html/ujian-tpd-wildani/vendor/laravel/framework/src/Illuminate/Database/Connection.php(811): Illuminate\\Database\\Connection->Illuminate\\Database\\{closure}()
#9 /var/www/html/ujian-tpd-wildani/vendor/laravel/framework/src/Illuminate/Database/Connection.php(778): Illuminate\\Database\\Connection->runQueryCallback()
#10 /var/www/html/ujian-tpd-wildani/vendor/laravel/framework/src/Illuminate/Database/Connection.php(397): Illuminate\\Database\\Connection->run()
#11 /var/www/html/ujian-tpd-wildani/vendor/laravel/framework/src/Illuminate/Database/Query/Builder.php(3188): Illuminate\\Database\\Connection->select()
#12 /var/www/html/ujian-tpd-wildani/vendor/laravel/framework/src/Illuminate/Database/Query/Builder.php(3173): Illuminate\\Database\\Query\\Builder->runSelect()
#13 /var/www/html/ujian-tpd-wildani/vendor/laravel/framework/src/Illuminate/Database/Query/Builder.php(3763): Illuminate\\Database\\Query\\Builder->Illuminate\\Database\\Query\\{closure}()
#14 /var/www/html/ujian-tpd-wildani/vendor/laravel/framework/src/Illuminate/Database/Query/Builder.php(3172): Illuminate\\Database\\Query\\Builder->onceWithColumns()
#15 /var/www/html/ujian-tpd-wildani/vendor/laravel/framework/src/Illuminate/Database/Concerns/BuildsQueries.php(366): Illuminate\\Database\\Query\\Builder->get()
#16 /var/www/html/ujian-tpd-wildani/vendor/laravel/framework/src/Illuminate/Database/Query/Builder.php(3095): Illuminate\\Database\\Query\\Builder->first()
#17 /var/www/html/ujian-tpd-wildani/vendor/laravel/framework/src/Illuminate/Session/DatabaseSessionHandler.php(96): Illuminate\\Database\\Query\\Builder->find()
#18 /var/www/html/ujian-tpd-wildani/vendor/laravel/framework/src/Illuminate/Session/Store.php(117): Illuminate\\Session\\DatabaseSessionHandler->read()
#19 /var/www/html/ujian-tpd-wildani/vendor/laravel/framework/src/Illuminate/Session/Store.php(105): Illuminate\\Session\\Store->readFromHandler()
#20 /var/www/html/ujian-tpd-wildani/vendor/laravel/framework/src/Illuminate/Session/Store.php(89): Illuminate\\Session\\Store->loadSession()
#21 /var/www/html/ujian-tpd-wildani/vendor/laravel/framework/src/Illuminate/Session/Middleware/StartSession.php(146): Illuminate\\Session\\Store->start()
#22 /var/www/html/ujian-tpd-wildani/vendor/laravel/framework/src/Illuminate/Support/helpers.php(390): Illuminate\\Session\\Middleware\\StartSession->Illuminate\\Session\\Middleware\\{closure}()
#23 /var/www/html/ujian-tpd-wildani/vendor/laravel/framework/src/Illuminate/Session/Middleware/StartSession.php(143): tap()
#24 /var/www/html/ujian-tpd-wildani/vendor/laravel/framework/src/Illuminate/Session/Middleware/StartSession.php(115): Illuminate\\Session\\Middleware\\StartSession->startSession()
#25 /var/www/html/ujian-tpd-wildani/vendor/laravel/framework/src/Illuminate/Session/Middleware/StartSession.php(63): Illuminate\\Session\\Middleware\\StartSession->handleStatefulRequest()
#26 /var/www/html/ujian-tpd-wildani/vendor/laravel/framework/src/Illuminate/Pipeline/Pipeline.php(219): Illuminate\\Session\\Middleware\\StartSession->handle()
#27 /var/www/html/ujian-tpd-wildani/vendor/laravel/framework/src/Illuminate/Cookie/Middleware/AddQueuedCookiesToResponse.php(36): Illuminate\\Pipeline\\Pipeline->Illuminate\\Pipeline\\{closure}()
#28 /var/www/html/ujian-tpd-wildani/vendor/laravel/framework/src/Illuminate/Pipeline/Pipeline.php(219): Illuminate\\Cookie\\Middleware\\AddQueuedCookiesToResponse->handle()
#29 /var/www/html/ujian-tpd-wildani/vendor/laravel/framework/src/Illuminate/Cookie/Middleware/EncryptCookies.php(74): Illuminate\\Pipeline\\Pipeline->Illuminate\\Pipeline\\{closure}()
#30 /var/www/html/ujian-tpd-wildani/vendor/laravel/framework/src/Illuminate/Pipeline/Pipeline.php(219): Illuminate\\Cookie\\Middleware\\EncryptCookies->handle()
#31 /var/www/html/ujian-tpd-wildani/vendor/laravel/framework/src/Illuminate/Pipeline/Pipeline.php(137): Illuminate\\Pipeline\\Pipeline->Illuminate\\Pipeline\\{closure}()
#32 /var/www/html/ujian-tpd-wildani/vendor/laravel/framework/src/Illuminate/Routing/Router.php(821): Illuminate\\Pipeline\\Pipeline->then()
#33 /var/www/html/ujian-tpd-wildani/vendor/laravel/framework/src/Illuminate/Routing/Router.php(800): Illuminate\\Routing\\Router->runRouteWithinStack()
#34 /var/www/html/ujian-tpd-wildani/vendor/laravel/framework/src/Illuminate/Routing/Router.php(764): Illuminate\\Routing\\Router->runRoute()
#35 /var/www/html/ujian-tpd-wildani/vendor/laravel/framework/src/Illuminate/Routing/Router.php(753): Illuminate\\Routing\\Router->dispatchToRoute()
#36 /var/www/html/ujian-tpd-wildani/vendor/laravel/framework/src/Illuminate/Foundation/Http/Kernel.php(200): Illuminate\\Routing\\Router->dispatch()
#37 /var/www/html/ujian-tpd-wildani/vendor/laravel/framework/src/Illuminate/Pipeline/Pipeline.php(180): Illuminate\\Foundation\\Http\\Kernel->Illuminate\\Foundation\\Http\\{closure}()
#38 /var/www/html/ujian-tpd-wildani/vendor/laravel/framework/src/Illuminate/Foundation/Http/Middleware/TransformsRequest.php(21): Illuminate\\Pipeline\\Pipeline->Illuminate\\Pipeline\\{closure}()
#39 /var/www/html/ujian-tpd-wildani/vendor/laravel/framework/src/Illuminate/Foundation/Http/Middleware/ConvertEmptyStringsToNull.php(31): Illuminate\\Foundation\\Http\\Middleware\\TransformsRequest->handle()
#40 /var/www/html/ujian-tpd-wildani/vendor/laravel/framework/src/Illuminate/Pipeline/Pipeline.php(219): Illuminate\\Foundation\\Http\\Middleware\\ConvertEmptyStringsToNull->handle()
#41 /var/www/html/ujian-tpd-wildani/vendor/laravel/framework/src/Illuminate/Foundation/Http/Middleware/TransformsRequest.php(21): Illuminate\\Pipeline\\Pipeline->Illuminate\\Pipeline\\{closure}()
#42 /var/www/html/ujian-tpd-wildani/vendor/laravel/framework/src/Illuminate/Foundation/Http/Middleware/TrimStrings.php(51): Illuminate\\Foundation\\Http\\Middleware\\TransformsRequest->handle()
#43 /var/www/html/ujian-tpd-wildani/vendor/laravel/framework/src/Illuminate/Pipeline/Pipeline.php(219): Illuminate\\Foundation\\Http\\Middleware\\TrimStrings->handle()
#44 /var/www/html/ujian-tpd-wildani/vendor/laravel/framework/src/Illuminate/Http/Middleware/ValidatePostSize.php(27): Illuminate\\Pipeline\\Pipeline->Illuminate\\Pipeline\\{closure}()
#45 /var/www/html/ujian-tpd-wildani/vendor/laravel/framework/src/Illuminate/Pipeline/Pipeline.php(219): Illuminate\\Http\\Middleware\\ValidatePostSize->handle()
#46 /var/www/html/ujian-tpd-wildani/vendor/laravel/framework/src/Illuminate/Foundation/Http/Middleware/PreventRequestsDuringMaintenance.php(109): Illuminate\\Pipeline\\Pipeline->Illuminate\\Pipeline\\{closure}()
#47 /var/www/html/ujian-tpd-wildani/vendor/laravel/framework/src/Illuminate/Pipeline/Pipeline.php(219): Illuminate\\Foundation\\Http\\Middleware\\PreventRequestsDuringMaintenance->handle()
#48 /var/www/html/ujian-tpd-wildani/vendor/laravel/framework/src/Illuminate/Http/Middleware/HandleCors.php(48): Illuminate\\Pipeline\\Pipeline->Illuminate\\Pipeline\\{closure}()
#49 /var/www/html/ujian-tpd-wildani/vendor/laravel/framework/src/Illuminate/Pipeline/Pipeline.php(219): Illuminate\\Http\\Middleware\\HandleCors->handle()
#50 /var/www/html/ujian-tpd-wildani/vendor/laravel/framework/src/Illuminate/Http/Middleware/TrustProxies.php(58): Illuminate\\Pipeline\\Pipeline->Illuminate\\Pipeline\\{closure}()
#51 /var/www/html/ujian-tpd-wildani/vendor/laravel/framework/src/Illuminate/Pipeline/Pipeline.php(219): Illuminate\\Http\\Middleware\\TrustProxies->handle()
#52 /var/www/html/ujian-tpd-wildani/vendor/laravel/framework/src/Illuminate/Foundation/Http/Middleware/InvokeDeferredCallbacks.php(22): Illuminate\\Pipeline\\Pipeline->Illuminate\\Pipeline\\{closure}()
#53 /var/www/html/ujian-tpd-wildani/vendor/laravel/framework/src/Illuminate/Pipeline/Pipeline.php(219): Illuminate\\Foundation\\Http\\Middleware\\InvokeDeferredCallbacks->handle()
#54 /var/www/html/ujian-tpd-wildani/vendor/laravel/framework/src/Illuminate/Http/Middleware/ValidatePathEncoding.php(26): Illuminate\\Pipeline\\Pipeline->Illuminate\\Pipeline\\{closure}()
#55 /var/www/html/ujian-tpd-wildani/vendor/laravel/framework/src/Illuminate/Pipeline/Pipeline.php(219): Illuminate\\Http\\Middleware\\ValidatePathEncoding->handle()
#56 /var/www/html/ujian-tpd-wildani/vendor/laravel/framework/src/Illuminate/Pipeline/Pipeline.php(137): Illuminate\\Pipeline\\Pipeline->Illuminate\\Pipeline\\{closure}()
#57 /var/www/html/ujian-tpd-wildani/vendor/laravel/framework/src/Illuminate/Foundation/Http/Kernel.php(175): Illuminate\\Pipeline\\Pipeline->then()
#58 /var/www/html/ujian-tpd-wildani/vendor/laravel/framework/src/Illuminate/Foundation/Http/Kernel.php(144): Illuminate\\Foundation\\Http\\Kernel->sendRequestThroughRouter()
#59 /var/www/html/ujian-tpd-wildani/vendor/laravel/framework/src/Illuminate/Foundation/Application.php(1220): Illuminate\\Foundation\\Http\\Kernel->handle()
#60 /var/www/html/ujian-tpd-wildani/public/index.php(20): Illuminate\\Foundation\\Application->handleRequest()
#61 /var/www/html/ujian-tpd-wildani/vendor/laravel/framework/src/Illuminate/Foundation/resources/server.php(23): require_once('...')
#62 {main}
"} 
[2025-09-29 18:05:18] local.ERROR: The "--columns" option does not exist. {"exception":"[object] (Symfony\\Component\\Console\\Exception\\RuntimeException(code: 0): The \"--columns\" option does not exist. at /var/www/html/ujian-tpd-wildani/vendor/symfony/console/Input/ArgvInput.php:226)
[stacktrace]
#0 /var/www/html/ujian-tpd-wildani/vendor/symfony/console/Input/ArgvInput.php(153): Symfony\\Component\\Console\\Input\\ArgvInput->addLongOption()
#1 /var/www/html/ujian-tpd-wildani/vendor/symfony/console/Input/ArgvInput.php(88): Symfony\\Component\\Console\\Input\\ArgvInput->parseLongOption()
#2 /var/www/html/ujian-tpd-wildani/vendor/symfony/console/Input/ArgvInput.php(77): Symfony\\Component\\Console\\Input\\ArgvInput->parseToken()
#3 /var/www/html/ujian-tpd-wildani/vendor/symfony/console/Input/Input.php(53): Symfony\\Component\\Console\\Input\\ArgvInput->parse()
#4 /var/www/html/ujian-tpd-wildani/vendor/symfony/console/Command/Command.php(276): Symfony\\Component\\Console\\Input\\Input->bind()
#5 /var/www/html/ujian-tpd-wildani/vendor/laravel/framework/src/Illuminate/Console/Command.php(180): Symfony\\Component\\Console\\Command\\Command->run()
#6 /var/www/html/ujian-tpd-wildani/vendor/symfony/console/Application.php(1110): Illuminate\\Console\\Command->run()
#7 /var/www/html/ujian-tpd-wildani/vendor/symfony/console/Application.php(359): Symfony\\Component\\Console\\Application->doRunCommand()
#8 /var/www/html/ujian-tpd-wildani/vendor/symfony/console/Application.php(194): Symfony\\Component\\Console\\Application->doRun()
#9 /var/www/html/ujian-tpd-wildani/vendor/laravel/framework/src/Illuminate/Foundation/Console/Kernel.php(197): Symfony\\Component\\Console\\Application->run()
#10 /var/www/html/ujian-tpd-wildani/vendor/laravel/framework/src/Illuminate/Foundation/Application.php(1235): Illuminate\\Foundation\\Console\\Kernel->handle()
#11 /var/www/html/ujian-tpd-wildani/artisan(16): Illuminate\\Foundation\\Application->handleCommand()
#12 {main}
"} 
[2025-09-29 18:05:20] local.ERROR: The "--columns" option does not exist. {"exception":"[object] (Symfony\\Component\\Console\\Exception\\RuntimeException(code: 0): The \"--columns\" option does not exist. at /var/www/html/ujian-tpd-wildani/vendor/symfony/console/Input/ArgvInput.php:226)
[stacktrace]
#0 /var/www/html/ujian-tpd-wildani/vendor/symfony/console/Input/ArgvInput.php(153): Symfony\\Component\\Console\\Input\\ArgvInput->addLongOption()
#1 /var/www/html/ujian-tpd-wildani/vendor/symfony/console/Input/ArgvInput.php(88): Symfony\\Component\\Console\\Input\\ArgvInput->parseLongOption()
#2 /var/www/html/ujian-tpd-wildani/vendor/symfony/console/Input/ArgvInput.php(77): Symfony\\Component\\Console\\Input\\ArgvInput->parseToken()
#3 /var/www/html/ujian-tpd-wildani/vendor/symfony/console/Input/Input.php(53): Symfony\\Component\\Console\\Input\\ArgvInput->parse()
#4 /var/www/html/ujian-tpd-wildani/vendor/symfony/console/Command/Command.php(276): Symfony\\Component\\Console\\Input\\Input->bind()
#5 /var/www/html/ujian-tpd-wildani/vendor/laravel/framework/src/Illuminate/Console/Command.php(180): Symfony\\Component\\Console\\Command\\Command->run()
#6 /var/www/html/ujian-tpd-wildani/vendor/symfony/console/Application.php(1110): Illuminate\\Console\\Command->run()
#7 /var/www/html/ujian-tpd-wildani/vendor/symfony/console/Application.php(359): Symfony\\Component\\Console\\Application->doRunCommand()
#8 /var/www/html/ujian-tpd-wildani/vendor/symfony/console/Application.php(194): Symfony\\Component\\Console\\Application->doRun()
#9 /var/www/html/ujian-tpd-wildani/vendor/laravel/framework/src/Illuminate/Foundation/Console/Kernel.php(197): Symfony\\Component\\Console\\Application->run()
#10 /var/www/html/ujian-tpd-wildani/vendor/laravel/framework/src/Illuminate/Foundation/Application.php(1235): Illuminate\\Foundation\\Console\\Kernel->handle()
#11 /var/www/html/ujian-tpd-wildani/artisan(16): Illuminate\\Foundation\\Application->handleCommand()
#12 {main}
"} 
[2025-09-29 18:05:22] local.ERROR: The "--columns" option does not exist. {"exception":"[object] (Symfony\\Component\\Console\\Exception\\RuntimeException(code: 0): The \"--columns\" option does not exist. at /var/www/html/ujian-tpd-wildani/vendor/symfony/console/Input/ArgvInput.php:226)
[stacktrace]
#0 /var/www/html/ujian-tpd-wildani/vendor/symfony/console/Input/ArgvInput.php(153): Symfony\\Component\\Console\\Input\\ArgvInput->addLongOption()
#1 /var/www/html/ujian-tpd-wildani/vendor/symfony/console/Input/ArgvInput.php(88): Symfony\\Component\\Console\\Input\\ArgvInput->parseLongOption()
#2 /var/www/html/ujian-tpd-wildani/vendor/symfony/console/Input/ArgvInput.php(77): Symfony\\Component\\Console\\Input\\ArgvInput->parseToken()
#3 /var/www/html/ujian-tpd-wildani/vendor/symfony/console/Input/Input.php(53): Symfony\\Component\\Console\\Input\\ArgvInput->parse()
#4 /var/www/html/ujian-tpd-wildani/vendor/symfony/console/Command/Command.php(276): Symfony\\Component\\Console\\Input\\Input->bind()
#5 /var/www/html/ujian-tpd-wildani/vendor/laravel/framework/src/Illuminate/Console/Command.php(180): Symfony\\Component\\Console\\Command\\Command->run()
#6 /var/www/html/ujian-tpd-wildani/vendor/symfony/console/Application.php(1110): Illuminate\\Console\\Command->run()
#7 /var/www/html/ujian-tpd-wildani/vendor/symfony/console/Application.php(359): Symfony\\Component\\Console\\Application->doRunCommand()
#8 /var/www/html/ujian-tpd-wildani/vendor/symfony/console/Application.php(194): Symfony\\Component\\Console\\Application->doRun()
#9 /var/www/html/ujian-tpd-wildani/vendor/laravel/framework/src/Illuminate/Foundation/Console/Kernel.php(197): Symfony\\Component\\Console\\Application->run()
#10 /var/www/html/ujian-tpd-wildani/vendor/laravel/framework/src/Illuminate/Foundation/Application.php(1235): Illuminate\\Foundation\\Console\\Kernel->handle()
#11 /var/www/html/ujian-tpd-wildani/artisan(16): Illuminate\\Foundation\\Application->handleCommand()
#12 {main}
"} 
[2025-09-29 18:06:33] local.ERROR: Undefined variable $kategoris (View: /var/www/html/ujian-tpd-wildani/resources/views/kategori/index.blade.php) {"exception":"[object] (Illuminate\\View\\ViewException(code: 0): Undefined variable $kategoris (View: /var/www/html/ujian-tpd-wildani/resources/views/kategori/index.blade.php) at /var/www/html/ujian-tpd-wildani/storage/framework/views/13506288b6641190d224e6e19eb45d18.php:57)
[stacktrace]
#0 /var/www/html/ujian-tpd-wildani/vendor/laravel/framework/src/Illuminate/View/Engines/PhpEngine.php(59): Illuminate\\View\\Engines\\CompilerEngine->handleViewException()
#1 /var/www/html/ujian-tpd-wildani/vendor/laravel/framework/src/Illuminate/View/Engines/CompilerEngine.php(76): Illuminate\\View\\Engines\\PhpEngine->evaluatePath()
#2 /var/www/html/ujian-tpd-wildani/vendor/laravel/framework/src/Illuminate/View/View.php(208): Illuminate\\View\\Engines\\CompilerEngine->get()
#3 /var/www/html/ujian-tpd-wildani/vendor/laravel/framework/src/Illuminate/View/View.php(191): Illuminate\\View\\View->getContents()
#4 /var/www/html/ujian-tpd-wildani/vendor/laravel/framework/src/Illuminate/View/View.php(160): Illuminate\\View\\View->renderContents()
#5 /var/www/html/ujian-tpd-wildani/vendor/laravel/framework/src/Illuminate/Http/Response.php(78): Illuminate\\View\\View->render()
#6 /var/www/html/ujian-tpd-wildani/vendor/laravel/framework/src/Illuminate/Http/Response.php(34): Illuminate\\Http\\Response->setContent()
#7 /var/www/html/ujian-tpd-wildani/vendor/laravel/framework/src/Illuminate/Routing/Router.php(939): Illuminate\\Http\\Response->__construct()
#8 /var/www/html/ujian-tpd-wildani/vendor/laravel/framework/src/Illuminate/Routing/Router.php(906): Illuminate\\Routing\\Router::toResponse()
#9 /var/www/html/ujian-tpd-wildani/vendor/laravel/framework/src/Illuminate/Routing/Router.php(821): Illuminate\\Routing\\Router->prepareResponse()
#10 /var/www/html/ujian-tpd-wildani/vendor/laravel/framework/src/Illuminate/Pipeline/Pipeline.php(180): Illuminate\\Routing\\Router->Illuminate\\Routing\\{closure}()
#11 /var/www/html/ujian-tpd-wildani/vendor/laravel/framework/src/Illuminate/Routing/Middleware/SubstituteBindings.php(50): Illuminate\\Pipeline\\Pipeline->Illuminate\\Pipeline\\{closure}()
#12 /var/www/html/ujian-tpd-wildani/vendor/laravel/framework/src/Illuminate/Pipeline/Pipeline.php(219): Illuminate\\Routing\\Middleware\\SubstituteBindings->handle()
#13 /var/www/html/ujian-tpd-wildani/vendor/laravel/framework/src/Illuminate/Foundation/Http/Middleware/VerifyCsrfToken.php(87): Illuminate\\Pipeline\\Pipeline->Illuminate\\Pipeline\\{closure}()
#14 /var/www/html/ujian-tpd-wildani/vendor/laravel/framework/src/Illuminate/Pipeline/Pipeline.php(219): Illuminate\\Foundation\\Http\\Middleware\\VerifyCsrfToken->handle()
#15 /var/www/html/ujian-tpd-wildani/vendor/laravel/framework/src/Illuminate/View/Middleware/ShareErrorsFromSession.php(48): Illuminate\\Pipeline\\Pipeline->Illuminate\\Pipeline\\{closure}()
#16 /var/www/html/ujian-tpd-wildani/vendor/laravel/framework/src/Illuminate/Pipeline/Pipeline.php(219): Illuminate\\View\\Middleware\\ShareErrorsFromSession->handle()
#17 /var/www/html/ujian-tpd-wildani/vendor/laravel/framework/src/Illuminate/Session/Middleware/StartSession.php(120): Illuminate\\Pipeline\\Pipeline->Illuminate\\Pipeline\\{closure}()
#18 /var/www/html/ujian-tpd-wildani/vendor/laravel/framework/src/Illuminate/Session/Middleware/StartSession.php(63): Illuminate\\Session\\Middleware\\StartSession->handleStatefulRequest()
#19 /var/www/html/ujian-tpd-wildani/vendor/laravel/framework/src/Illuminate/Pipeline/Pipeline.php(219): Illuminate\\Session\\Middleware\\StartSession->handle()
#20 /var/www/html/ujian-tpd-wildani/vendor/laravel/framework/src/Illuminate/Cookie/Middleware/AddQueuedCookiesToResponse.php(36): Illuminate\\Pipeline\\Pipeline->Illuminate\\Pipeline\\{closure}()
#21 /var/www/html/ujian-tpd-wildani/vendor/laravel/framework/src/Illuminate/Pipeline/Pipeline.php(219): Illuminate\\Cookie\\Middleware\\AddQueuedCookiesToResponse->handle()
#22 /var/www/html/ujian-tpd-wildani/vendor/laravel/framework/src/Illuminate/Cookie/Middleware/EncryptCookies.php(74): Illuminate\\Pipeline\\Pipeline->Illuminate\\Pipeline\\{closure}()
#23 /var/www/html/ujian-tpd-wildani/vendor/laravel/framework/src/Illuminate/Pipeline/Pipeline.php(219): Illuminate\\Cookie\\Middleware\\EncryptCookies->handle()
#24 /var/www/html/ujian-tpd-wildani/vendor/laravel/framework/src/Illuminate/Pipeline/Pipeline.php(137): Illuminate\\Pipeline\\Pipeline->Illuminate\\Pipeline\\{closure}()
#25 /var/www/html/ujian-tpd-wildani/vendor/laravel/framework/src/Illuminate/Routing/Router.php(821): Illuminate\\Pipeline\\Pipeline->then()
#26 /var/www/html/ujian-tpd-wildani/vendor/laravel/framework/src/Illuminate/Routing/Router.php(800): Illuminate\\Routing\\Router->runRouteWithinStack()
#27 /var/www/html/ujian-tpd-wildani/vendor/laravel/framework/src/Illuminate/Routing/Router.php(764): Illuminate\\Routing\\Router->runRoute()
#28 /var/www/html/ujian-tpd-wildani/vendor/laravel/framework/src/Illuminate/Routing/Router.php(753): Illuminate\\Routing\\Router->dispatchToRoute()
#29 /var/www/html/ujian-tpd-wildani/vendor/laravel/framework/src/Illuminate/Foundation/Http/Kernel.php(200): Illuminate\\Routing\\Router->dispatch()
#30 /var/www/html/ujian-tpd-wildani/vendor/laravel/framework/src/Illuminate/Pipeline/Pipeline.php(180): Illuminate\\Foundation\\Http\\Kernel->Illuminate\\Foundation\\Http\\{closure}()
#31 /var/www/html/ujian-tpd-wildani/vendor/laravel/framework/src/Illuminate/Foundation/Http/Middleware/TransformsRequest.php(21): Illuminate\\Pipeline\\Pipeline->Illuminate\\Pipeline\\{closure}()
#32 /var/www/html/ujian-tpd-wildani/vendor/laravel/framework/src/Illuminate/Foundation/Http/Middleware/ConvertEmptyStringsToNull.php(31): Illuminate\\Foundation\\Http\\Middleware\\TransformsRequest->handle()
#33 /var/www/html/ujian-tpd-wildani/vendor/laravel/framework/src/Illuminate/Pipeline/Pipeline.php(219): Illuminate\\Foundation\\Http\\Middleware\\ConvertEmptyStringsToNull->handle()
#34 /var/www/html/ujian-tpd-wildani/vendor/laravel/framework/src/Illuminate/Foundation/Http/Middleware/TransformsRequest.php(21): Illuminate\\Pipeline\\Pipeline->Illuminate\\Pipeline\\{closure}()
#35 /var/www/html/ujian-tpd-wildani/vendor/laravel/framework/src/Illuminate/Foundation/Http/Middleware/TrimStrings.php(51): Illuminate\\Foundation\\Http\\Middleware\\TransformsRequest->handle()
#36 /var/www/html/ujian-tpd-wildani/vendor/laravel/framework/src/Illuminate/Pipeline/Pipeline.php(219): Illuminate\\Foundation\\Http\\Middleware\\TrimStrings->handle()
#37 /var/www/html/ujian-tpd-wildani/vendor/laravel/framework/src/Illuminate/Http/Middleware/ValidatePostSize.php(27): Illuminate\\Pipeline\\Pipeline->Illuminate\\Pipeline\\{closure}()
#38 /var/www/html/ujian-tpd-wildani/vendor/laravel/framework/src/Illuminate/Pipeline/Pipeline.php(219): Illuminate\\Http\\Middleware\\ValidatePostSize->handle()
#39 /var/www/html/ujian-tpd-wildani/vendor/laravel/framework/src/Illuminate/Foundation/Http/Middleware/PreventRequestsDuringMaintenance.php(109): Illuminate\\Pipeline\\Pipeline->Illuminate\\Pipeline\\{closure}()
#40 /var/www/html/ujian-tpd-wildani/vendor/laravel/framework/src/Illuminate/Pipeline/Pipeline.php(219): Illuminate\\Foundation\\Http\\Middleware\\PreventRequestsDuringMaintenance->handle()
#41 /var/www/html/ujian-tpd-wildani/vendor/laravel/framework/src/Illuminate/Http/Middleware/HandleCors.php(48): Illuminate\\Pipeline\\Pipeline->Illuminate\\Pipeline\\{closure}()
#42 /var/www/html/ujian-tpd-wildani/vendor/laravel/framework/src/Illuminate/Pipeline/Pipeline.php(219): Illuminate\\Http\\Middleware\\HandleCors->handle()
#43 /var/www/html/ujian-tpd-wildani/vendor/laravel/framework/src/Illuminate/Http/Middleware/TrustProxies.php(58): Illuminate\\Pipeline\\Pipeline->Illuminate\\Pipeline\\{closure}()
#44 /var/www/html/ujian-tpd-wildani/vendor/laravel/framework/src/Illuminate/Pipeline/Pipeline.php(219): Illuminate\\Http\\Middleware\\TrustProxies->handle()
#45 /var/www/html/ujian-tpd-wildani/vendor/laravel/framework/src/Illuminate/Foundation/Http/Middleware/InvokeDeferredCallbacks.php(22): Illuminate\\Pipeline\\Pipeline->Illuminate\\Pipeline\\{closure}()
#46 /var/www/html/ujian-tpd-wildani/vendor/laravel/framework/src/Illuminate/Pipeline/Pipeline.php(219): Illuminate\\Foundation\\Http\\Middleware\\InvokeDeferredCallbacks->handle()
#47 /var/www/html/ujian-tpd-wildani/vendor/laravel/framework/src/Illuminate/Http/Middleware/ValidatePathEncoding.php(26): Illuminate\\Pipeline\\Pipeline->Illuminate\\Pipeline\\{closure}()
#48 /var/www/html/ujian-tpd-wildani/vendor/laravel/framework/src/Illuminate/Pipeline/Pipeline.php(219): Illuminate\\Http\\Middleware\\ValidatePathEncoding->handle()
#49 /var/www/html/ujian-tpd-wildani/vendor/laravel/framework/src/Illuminate/Pipeline/Pipeline.php(137): Illuminate\\Pipeline\\Pipeline->Illuminate\\Pipeline\\{closure}()
#50 /var/www/html/ujian-tpd-wildani/vendor/laravel/framework/src/Illuminate/Foundation/Http/Kernel.php(175): Illuminate\\Pipeline\\Pipeline->then()
#51 /var/www/html/ujian-tpd-wildani/vendor/laravel/framework/src/Illuminate/Foundation/Http/Kernel.php(144): Illuminate\\Foundation\\Http\\Kernel->sendRequestThroughRouter()
#52 /var/www/html/ujian-tpd-wildani/vendor/laravel/framework/src/Illuminate/Foundation/Application.php(1220): Illuminate\\Foundation\\Http\\Kernel->handle()
#53 /var/www/html/ujian-tpd-wildani/public/index.php(20): Illuminate\\Foundation\\Application->handleRequest()
#54 /var/www/html/ujian-tpd-wildani/vendor/laravel/framework/src/Illuminate/Foundation/resources/server.php(23): require_once('...')
#55 {main}

[previous exception] [object] (ErrorException(code: 0): Undefined variable $kategoris at /var/www/html/ujian-tpd-wildani/storage/framework/views/13506288b6641190d224e6e19eb45d18.php:57)
[stacktrace]
#0 /var/www/html/ujian-tpd-wildani/vendor/laravel/framework/src/Illuminate/Foundation/Bootstrap/HandleExceptions.php(258): Illuminate\\Foundation\\Bootstrap\\HandleExceptions->handleError()
#1 /var/www/html/ujian-tpd-wildani/storage/framework/views/13506288b6641190d224e6e19eb45d18.php(57): Illuminate\\Foundation\\Bootstrap\\HandleExceptions->Illuminate\\Foundation\\Bootstrap\\{closure}()
#2 /var/www/html/ujian-tpd-wildani/vendor/laravel/framework/src/Illuminate/Filesystem/Filesystem.php(123): require('...')
#3 /var/www/html/ujian-tpd-wildani/vendor/laravel/framework/src/Illuminate/Filesystem/Filesystem.php(124): Illuminate\\Filesystem\\Filesystem::Illuminate\\Filesystem\\{closure}()
#4 /var/www/html/ujian-tpd-wildani/vendor/laravel/framework/src/Illuminate/View/Engines/PhpEngine.php(57): Illuminate\\Filesystem\\Filesystem->getRequire()
#5 /var/www/html/ujian-tpd-wildani/vendor/laravel/framework/src/Illuminate/View/Engines/CompilerEngine.php(76): Illuminate\\View\\Engines\\PhpEngine->evaluatePath()
#6 /var/www/html/ujian-tpd-wildani/vendor/laravel/framework/src/Illuminate/View/View.php(208): Illuminate\\View\\Engines\\CompilerEngine->get()
#7 /var/www/html/ujian-tpd-wildani/vendor/laravel/framework/src/Illuminate/View/View.php(191): Illuminate\\View\\View->getContents()
#8 /var/www/html/ujian-tpd-wildani/vendor/laravel/framework/src/Illuminate/View/View.php(160): Illuminate\\View\\View->renderContents()
#9 /var/www/html/ujian-tpd-wildani/vendor/laravel/framework/src/Illuminate/Http/Response.php(78): Illuminate\\View\\View->render()
#10 /var/www/html/ujian-tpd-wildani/vendor/laravel/framework/src/Illuminate/Http/Response.php(34): Illuminate\\Http\\Response->setContent()
#11 /var/www/html/ujian-tpd-wildani/vendor/laravel/framework/src/Illuminate/Routing/Router.php(939): Illuminate\\Http\\Response->__construct()
#12 /var/www/html/ujian-tpd-wildani/vendor/laravel/framework/src/Illuminate/Routing/Router.php(906): Illuminate\\Routing\\Router::toResponse()
#13 /var/www/html/ujian-tpd-wildani/vendor/laravel/framework/src/Illuminate/Routing/Router.php(821): Illuminate\\Routing\\Router->prepareResponse()
#14 /var/www/html/ujian-tpd-wildani/vendor/laravel/framework/src/Illuminate/Pipeline/Pipeline.php(180): Illuminate\\Routing\\Router->Illuminate\\Routing\\{closure}()
#15 /var/www/html/ujian-tpd-wildani/vendor/laravel/framework/src/Illuminate/Routing/Middleware/SubstituteBindings.php(50): Illuminate\\Pipeline\\Pipeline->Illuminate\\Pipeline\\{closure}()
#16 /var/www/html/ujian-tpd-wildani/vendor/laravel/framework/src/Illuminate/Pipeline/Pipeline.php(219): Illuminate\\Routing\\Middleware\\SubstituteBindings->handle()
#17 /var/www/html/ujian-tpd-wildani/vendor/laravel/framework/src/Illuminate/Foundation/Http/Middleware/VerifyCsrfToken.php(87): Illuminate\\Pipeline\\Pipeline->Illuminate\\Pipeline\\{closure}()
#18 /var/www/html/ujian-tpd-wildani/vendor/laravel/framework/src/Illuminate/Pipeline/Pipeline.php(219): Illuminate\\Foundation\\Http\\Middleware\\VerifyCsrfToken->handle()
#19 /var/www/html/ujian-tpd-wildani/vendor/laravel/framework/src/Illuminate/View/Middleware/ShareErrorsFromSession.php(48): Illuminate\\Pipeline\\Pipeline->Illuminate\\Pipeline\\{closure}()
#20 /var/www/html/ujian-tpd-wildani/vendor/laravel/framework/src/Illuminate/Pipeline/Pipeline.php(219): Illuminate\\View\\Middleware\\ShareErrorsFromSession->handle()
#21 /var/www/html/ujian-tpd-wildani/vendor/laravel/framework/src/Illuminate/Session/Middleware/StartSession.php(120): Illuminate\\Pipeline\\Pipeline->Illuminate\\Pipeline\\{closure}()
#22 /var/www/html/ujian-tpd-wildani/vendor/laravel/framework/src/Illuminate/Session/Middleware/StartSession.php(63): Illuminate\\Session\\Middleware\\StartSession->handleStatefulRequest()
#23 /var/www/html/ujian-tpd-wildani/vendor/laravel/framework/src/Illuminate/Pipeline/Pipeline.php(219): Illuminate\\Session\\Middleware\\StartSession->handle()
#24 /var/www/html/ujian-tpd-wildani/vendor/laravel/framework/src/Illuminate/Cookie/Middleware/AddQueuedCookiesToResponse.php(36): Illuminate\\Pipeline\\Pipeline->Illuminate\\Pipeline\\{closure}()
#25 /var/www/html/ujian-tpd-wildani/vendor/laravel/framework/src/Illuminate/Pipeline/Pipeline.php(219): Illuminate\\Cookie\\Middleware\\AddQueuedCookiesToResponse->handle()
#26 /var/www/html/ujian-tpd-wildani/vendor/laravel/framework/src/Illuminate/Cookie/Middleware/EncryptCookies.php(74): Illuminate\\Pipeline\\Pipeline->Illuminate\\Pipeline\\{closure}()
#27 /var/www/html/ujian-tpd-wildani/vendor/laravel/framework/src/Illuminate/Pipeline/Pipeline.php(219): Illuminate\\Cookie\\Middleware\\EncryptCookies->handle()
#28 /var/www/html/ujian-tpd-wildani/vendor/laravel/framework/src/Illuminate/Pipeline/Pipeline.php(137): Illuminate\\Pipeline\\Pipeline->Illuminate\\Pipeline\\{closure}()
#29 /var/www/html/ujian-tpd-wildani/vendor/laravel/framework/src/Illuminate/Routing/Router.php(821): Illuminate\\Pipeline\\Pipeline->then()
#30 /var/www/html/ujian-tpd-wildani/vendor/laravel/framework/src/Illuminate/Routing/Router.php(800): Illuminate\\Routing\\Router->runRouteWithinStack()
#31 /var/www/html/ujian-tpd-wildani/vendor/laravel/framework/src/Illuminate/Routing/Router.php(764): Illuminate\\Routing\\Router->runRoute()
#32 /var/www/html/ujian-tpd-wildani/vendor/laravel/framework/src/Illuminate/Routing/Router.php(753): Illuminate\\Routing\\Router->dispatchToRoute()
#33 /var/www/html/ujian-tpd-wildani/vendor/laravel/framework/src/Illuminate/Foundation/Http/Kernel.php(200): Illuminate\\Routing\\Router->dispatch()
#34 /var/www/html/ujian-tpd-wildani/vendor/laravel/framework/src/Illuminate/Pipeline/Pipeline.php(180): Illuminate\\Foundation\\Http\\Kernel->Illuminate\\Foundation\\Http\\{closure}()
#35 /var/www/html/ujian-tpd-wildani/vendor/laravel/framework/src/Illuminate/Foundation/Http/Middleware/TransformsRequest.php(21): Illuminate\\Pipeline\\Pipeline->Illuminate\\Pipeline\\{closure}()
#36 /var/www/html/ujian-tpd-wildani/vendor/laravel/framework/src/Illuminate/Foundation/Http/Middleware/ConvertEmptyStringsToNull.php(31): Illuminate\\Foundation\\Http\\Middleware\\TransformsRequest->handle()
#37 /var/www/html/ujian-tpd-wildani/vendor/laravel/framework/src/Illuminate/Pipeline/Pipeline.php(219): Illuminate\\Foundation\\Http\\Middleware\\ConvertEmptyStringsToNull->handle()
#38 /var/www/html/ujian-tpd-wildani/vendor/laravel/framework/src/Illuminate/Foundation/Http/Middleware/TransformsRequest.php(21): Illuminate\\Pipeline\\Pipeline->Illuminate\\Pipeline\\{closure}()
#39 /var/www/html/ujian-tpd-wildani/vendor/laravel/framework/src/Illuminate/Foundation/Http/Middleware/TrimStrings.php(51): Illuminate\\Foundation\\Http\\Middleware\\TransformsRequest->handle()
#40 /var/www/html/ujian-tpd-wildani/vendor/laravel/framework/src/Illuminate/Pipeline/Pipeline.php(219): Illuminate\\Foundation\\Http\\Middleware\\TrimStrings->handle()
#41 /var/www/html/ujian-tpd-wildani/vendor/laravel/framework/src/Illuminate/Http/Middleware/ValidatePostSize.php(27): Illuminate\\Pipeline\\Pipeline->Illuminate\\Pipeline\\{closure}()
#42 /var/www/html/ujian-tpd-wildani/vendor/laravel/framework/src/Illuminate/Pipeline/Pipeline.php(219): Illuminate\\Http\\Middleware\\ValidatePostSize->handle()
#43 /var/www/html/ujian-tpd-wildani/vendor/laravel/framework/src/Illuminate/Foundation/Http/Middleware/PreventRequestsDuringMaintenance.php(109): Illuminate\\Pipeline\\Pipeline->Illuminate\\Pipeline\\{closure}()
#44 /var/www/html/ujian-tpd-wildani/vendor/laravel/framework/src/Illuminate/Pipeline/Pipeline.php(219): Illuminate\\Foundation\\Http\\Middleware\\PreventRequestsDuringMaintenance->handle()
#45 /var/www/html/ujian-tpd-wildani/vendor/laravel/framework/src/Illuminate/Http/Middleware/HandleCors.php(48): Illuminate\\Pipeline\\Pipeline->Illuminate\\Pipeline\\{closure}()
#46 /var/www/html/ujian-tpd-wildani/vendor/laravel/framework/src/Illuminate/Pipeline/Pipeline.php(219): Illuminate\\Http\\Middleware\\HandleCors->handle()
#47 /var/www/html/ujian-tpd-wildani/vendor/laravel/framework/src/Illuminate/Http/Middleware/TrustProxies.php(58): Illuminate\\Pipeline\\Pipeline->Illuminate\\Pipeline\\{closure}()
#48 /var/www/html/ujian-tpd-wildani/vendor/laravel/framework/src/Illuminate/Pipeline/Pipeline.php(219): Illuminate\\Http\\Middleware\\TrustProxies->handle()
#49 /var/www/html/ujian-tpd-wildani/vendor/laravel/framework/src/Illuminate/Foundation/Http/Middleware/InvokeDeferredCallbacks.php(22): Illuminate\\Pipeline\\Pipeline->Illuminate\\Pipeline\\{closure}()
#50 /var/www/html/ujian-tpd-wildani/vendor/laravel/framework/src/Illuminate/Pipeline/Pipeline.php(219): Illuminate\\Foundation\\Http\\Middleware\\InvokeDeferredCallbacks->handle()
#51 /var/www/html/ujian-tpd-wildani/vendor/laravel/framework/src/Illuminate/Http/Middleware/ValidatePathEncoding.php(26): Illuminate\\Pipeline\\Pipeline->Illuminate\\Pipeline\\{closure}()
#52 /var/www/html/ujian-tpd-wildani/vendor/laravel/framework/src/Illuminate/Pipeline/Pipeline.php(219): Illuminate\\Http\\Middleware\\ValidatePathEncoding->handle()
#53 /var/www/html/ujian-tpd-wildani/vendor/laravel/framework/src/Illuminate/Pipeline/Pipeline.php(137): Illuminate\\Pipeline\\Pipeline->Illuminate\\Pipeline\\{closure}()
#54 /var/www/html/ujian-tpd-wildani/vendor/laravel/framework/src/Illuminate/Foundation/Http/Kernel.php(175): Illuminate\\Pipeline\\Pipeline->then()
#55 /var/www/html/ujian-tpd-wildani/vendor/laravel/framework/src/Illuminate/Foundation/Http/Kernel.php(144): Illuminate\\Foundation\\Http\\Kernel->sendRequestThroughRouter()
#56 /var/www/html/ujian-tpd-wildani/vendor/laravel/framework/src/Illuminate/Foundation/Application.php(1220): Illuminate\\Foundation\\Http\\Kernel->handle()
#57 /var/www/html/ujian-tpd-wildani/public/index.php(20): Illuminate\\Foundation\\Application->handleRequest()
#58 /var/www/html/ujian-tpd-wildani/vendor/laravel/framework/src/Illuminate/Foundation/resources/server.php(23): require_once('...')
#59 {main}
"} 
[2025-09-29 18:08:49] local.ERROR: View [layouts.app] not found. (View: /var/www/html/ujian-tpd-wildani/resources/views/kategori/index.blade.php) {"exception":"[object] (Illuminate\\View\\ViewException(code: 0): View [layouts.app] not found. (View: /var/www/html/ujian-tpd-wildani/resources/views/kategori/index.blade.php) at /var/www/html/ujian-tpd-wildani/vendor/laravel/framework/src/Illuminate/View/FileViewFinder.php:138)
[stacktrace]
#0 /var/www/html/ujian-tpd-wildani/vendor/laravel/framework/src/Illuminate/View/Engines/PhpEngine.php(59): Illuminate\\View\\Engines\\CompilerEngine->handleViewException()
#1 /var/www/html/ujian-tpd-wildani/vendor/laravel/framework/src/Illuminate/View/Engines/CompilerEngine.php(76): Illuminate\\View\\Engines\\PhpEngine->evaluatePath()
#2 /var/www/html/ujian-tpd-wildani/vendor/laravel/framework/src/Illuminate/View/View.php(208): Illuminate\\View\\Engines\\CompilerEngine->get()
#3 /var/www/html/ujian-tpd-wildani/vendor/laravel/framework/src/Illuminate/View/View.php(191): Illuminate\\View\\View->getContents()
#4 /var/www/html/ujian-tpd-wildani/vendor/laravel/framework/src/Illuminate/View/View.php(160): Illuminate\\View\\View->renderContents()
#5 /var/www/html/ujian-tpd-wildani/vendor/laravel/framework/src/Illuminate/Http/Response.php(78): Illuminate\\View\\View->render()
#6 /var/www/html/ujian-tpd-wildani/vendor/laravel/framework/src/Illuminate/Http/Response.php(34): Illuminate\\Http\\Response->setContent()
#7 /var/www/html/ujian-tpd-wildani/vendor/laravel/framework/src/Illuminate/Routing/Router.php(939): Illuminate\\Http\\Response->__construct()
#8 /var/www/html/ujian-tpd-wildani/vendor/laravel/framework/src/Illuminate/Routing/Router.php(906): Illuminate\\Routing\\Router::toResponse()
#9 /var/www/html/ujian-tpd-wildani/vendor/laravel/framework/src/Illuminate/Routing/Router.php(821): Illuminate\\Routing\\Router->prepareResponse()
#10 /var/www/html/ujian-tpd-wildani/vendor/laravel/framework/src/Illuminate/Pipeline/Pipeline.php(180): Illuminate\\Routing\\Router->Illuminate\\Routing\\{closure}()
#11 /var/www/html/ujian-tpd-wildani/vendor/laravel/framework/src/Illuminate/Routing/Middleware/SubstituteBindings.php(50): Illuminate\\Pipeline\\Pipeline->Illuminate\\Pipeline\\{closure}()
#12 /var/www/html/ujian-tpd-wildani/vendor/laravel/framework/src/Illuminate/Pipeline/Pipeline.php(219): Illuminate\\Routing\\Middleware\\SubstituteBindings->handle()
#13 /var/www/html/ujian-tpd-wildani/vendor/laravel/framework/src/Illuminate/Foundation/Http/Middleware/VerifyCsrfToken.php(87): Illuminate\\Pipeline\\Pipeline->Illuminate\\Pipeline\\{closure}()
#14 /var/www/html/ujian-tpd-wildani/vendor/laravel/framework/src/Illuminate/Pipeline/Pipeline.php(219): Illuminate\\Foundation\\Http\\Middleware\\VerifyCsrfToken->handle()
#15 /var/www/html/ujian-tpd-wildani/vendor/laravel/framework/src/Illuminate/View/Middleware/ShareErrorsFromSession.php(48): Illuminate\\Pipeline\\Pipeline->Illuminate\\Pipeline\\{closure}()
#16 /var/www/html/ujian-tpd-wildani/vendor/laravel/framework/src/Illuminate/Pipeline/Pipeline.php(219): Illuminate\\View\\Middleware\\ShareErrorsFromSession->handle()
#17 /var/www/html/ujian-tpd-wildani/vendor/laravel/framework/src/Illuminate/Session/Middleware/StartSession.php(120): Illuminate\\Pipeline\\Pipeline->Illuminate\\Pipeline\\{closure}()
#18 /var/www/html/ujian-tpd-wildani/vendor/laravel/framework/src/Illuminate/Session/Middleware/StartSession.php(63): Illuminate\\Session\\Middleware\\StartSession->handleStatefulRequest()
#19 /var/www/html/ujian-tpd-wildani/vendor/laravel/framework/src/Illuminate/Pipeline/Pipeline.php(219): Illuminate\\Session\\Middleware\\StartSession->handle()
#20 /var/www/html/ujian-tpd-wildani/vendor/laravel/framework/src/Illuminate/Cookie/Middleware/AddQueuedCookiesToResponse.php(36): Illuminate\\Pipeline\\Pipeline->Illuminate\\Pipeline\\{closure}()
#21 /var/www/html/ujian-tpd-wildani/vendor/laravel/framework/src/Illuminate/Pipeline/Pipeline.php(219): Illuminate\\Cookie\\Middleware\\AddQueuedCookiesToResponse->handle()
#22 /var/www/html/ujian-tpd-wildani/vendor/laravel/framework/src/Illuminate/Cookie/Middleware/EncryptCookies.php(74): Illuminate\\Pipeline\\Pipeline->Illuminate\\Pipeline\\{closure}()
#23 /var/www/html/ujian-tpd-wildani/vendor/laravel/framework/src/Illuminate/Pipeline/Pipeline.php(219): Illuminate\\Cookie\\Middleware\\EncryptCookies->handle()
#24 /var/www/html/ujian-tpd-wildani/vendor/laravel/framework/src/Illuminate/Pipeline/Pipeline.php(137): Illuminate\\Pipeline\\Pipeline->Illuminate\\Pipeline\\{closure}()
#25 /var/www/html/ujian-tpd-wildani/vendor/laravel/framework/src/Illuminate/Routing/Router.php(821): Illuminate\\Pipeline\\Pipeline->then()
#26 /var/www/html/ujian-tpd-wildani/vendor/laravel/framework/src/Illuminate/Routing/Router.php(800): Illuminate\\Routing\\Router->runRouteWithinStack()
#27 /var/www/html/ujian-tpd-wildani/vendor/laravel/framework/src/Illuminate/Routing/Router.php(764): Illuminate\\Routing\\Router->runRoute()
#28 /var/www/html/ujian-tpd-wildani/vendor/laravel/framework/src/Illuminate/Routing/Router.php(753): Illuminate\\Routing\\Router->dispatchToRoute()
#29 /var/www/html/ujian-tpd-wildani/vendor/laravel/framework/src/Illuminate/Foundation/Http/Kernel.php(200): Illuminate\\Routing\\Router->dispatch()
#30 /var/www/html/ujian-tpd-wildani/vendor/laravel/framework/src/Illuminate/Pipeline/Pipeline.php(180): Illuminate\\Foundation\\Http\\Kernel->Illuminate\\Foundation\\Http\\{closure}()
#31 /var/www/html/ujian-tpd-wildani/vendor/laravel/framework/src/Illuminate/Foundation/Http/Middleware/TransformsRequest.php(21): Illuminate\\Pipeline\\Pipeline->Illuminate\\Pipeline\\{closure}()
#32 /var/www/html/ujian-tpd-wildani/vendor/laravel/framework/src/Illuminate/Foundation/Http/Middleware/ConvertEmptyStringsToNull.php(31): Illuminate\\Foundation\\Http\\Middleware\\TransformsRequest->handle()
#33 /var/www/html/ujian-tpd-wildani/vendor/laravel/framework/src/Illuminate/Pipeline/Pipeline.php(219): Illuminate\\Foundation\\Http\\Middleware\\ConvertEmptyStringsToNull->handle()
#34 /var/www/html/ujian-tpd-wildani/vendor/laravel/framework/src/Illuminate/Foundation/Http/Middleware/TransformsRequest.php(21): Illuminate\\Pipeline\\Pipeline->Illuminate\\Pipeline\\{closure}()
#35 /var/www/html/ujian-tpd-wildani/vendor/laravel/framework/src/Illuminate/Foundation/Http/Middleware/TrimStrings.php(51): Illuminate\\Foundation\\Http\\Middleware\\TransformsRequest->handle()
#36 /var/www/html/ujian-tpd-wildani/vendor/laravel/framework/src/Illuminate/Pipeline/Pipeline.php(219): Illuminate\\Foundation\\Http\\Middleware\\TrimStrings->handle()
#37 /var/www/html/ujian-tpd-wildani/vendor/laravel/framework/src/Illuminate/Http/Middleware/ValidatePostSize.php(27): Illuminate\\Pipeline\\Pipeline->Illuminate\\Pipeline\\{closure}()
#38 /var/www/html/ujian-tpd-wildani/vendor/laravel/framework/src/Illuminate/Pipeline/Pipeline.php(219): Illuminate\\Http\\Middleware\\ValidatePostSize->handle()
#39 /var/www/html/ujian-tpd-wildani/vendor/laravel/framework/src/Illuminate/Foundation/Http/Middleware/PreventRequestsDuringMaintenance.php(109): Illuminate\\Pipeline\\Pipeline->Illuminate\\Pipeline\\{closure}()
#40 /var/www/html/ujian-tpd-wildani/vendor/laravel/framework/src/Illuminate/Pipeline/Pipeline.php(219): Illuminate\\Foundation\\Http\\Middleware\\PreventRequestsDuringMaintenance->handle()
#41 /var/www/html/ujian-tpd-wildani/vendor/laravel/framework/src/Illuminate/Http/Middleware/HandleCors.php(48): Illuminate\\Pipeline\\Pipeline->Illuminate\\Pipeline\\{closure}()
#42 /var/www/html/ujian-tpd-wildani/vendor/laravel/framework/src/Illuminate/Pipeline/Pipeline.php(219): Illuminate\\Http\\Middleware\\HandleCors->handle()
#43 /var/www/html/ujian-tpd-wildani/vendor/laravel/framework/src/Illuminate/Http/Middleware/TrustProxies.php(58): Illuminate\\Pipeline\\Pipeline->Illuminate\\Pipeline\\{closure}()
#44 /var/www/html/ujian-tpd-wildani/vendor/laravel/framework/src/Illuminate/Pipeline/Pipeline.php(219): Illuminate\\Http\\Middleware\\TrustProxies->handle()
#45 /var/www/html/ujian-tpd-wildani/vendor/laravel/framework/src/Illuminate/Foundation/Http/Middleware/InvokeDeferredCallbacks.php(22): Illuminate\\Pipeline\\Pipeline->Illuminate\\Pipeline\\{closure}()
#46 /var/www/html/ujian-tpd-wildani/vendor/laravel/framework/src/Illuminate/Pipeline/Pipeline.php(219): Illuminate\\Foundation\\Http\\Middleware\\InvokeDeferredCallbacks->handle()
#47 /var/www/html/ujian-tpd-wildani/vendor/laravel/framework/src/Illuminate/Http/Middleware/ValidatePathEncoding.php(26): Illuminate\\Pipeline\\Pipeline->Illuminate\\Pipeline\\{closure}()
#48 /var/www/html/ujian-tpd-wildani/vendor/laravel/framework/src/Illuminate/Pipeline/Pipeline.php(219): Illuminate\\Http\\Middleware\\ValidatePathEncoding->handle()
#49 /var/www/html/ujian-tpd-wildani/vendor/laravel/framework/src/Illuminate/Pipeline/Pipeline.php(137): Illuminate\\Pipeline\\Pipeline->Illuminate\\Pipeline\\{closure}()
#50 /var/www/html/ujian-tpd-wildani/vendor/laravel/framework/src/Illuminate/Foundation/Http/Kernel.php(175): Illuminate\\Pipeline\\Pipeline->then()
#51 /var/www/html/ujian-tpd-wildani/vendor/laravel/framework/src/Illuminate/Foundation/Http/Kernel.php(144): Illuminate\\Foundation\\Http\\Kernel->sendRequestThroughRouter()
#52 /var/www/html/ujian-tpd-wildani/vendor/laravel/framework/src/Illuminate/Foundation/Application.php(1220): Illuminate\\Foundation\\Http\\Kernel->handle()
#53 /var/www/html/ujian-tpd-wildani/public/index.php(20): Illuminate\\Foundation\\Application->handleRequest()
#54 /var/www/html/ujian-tpd-wildani/vendor/laravel/framework/src/Illuminate/Foundation/resources/server.php(23): require_once('...')
#55 {main}

[previous exception] [object] (InvalidArgumentException(code: 0): View [layouts.app] not found. at /var/www/html/ujian-tpd-wildani/vendor/laravel/framework/src/Illuminate/View/FileViewFinder.php:138)
[stacktrace]
#0 /var/www/html/ujian-tpd-wildani/vendor/laravel/framework/src/Illuminate/View/FileViewFinder.php(78): Illuminate\\View\\FileViewFinder->findInPaths()
#1 /var/www/html/ujian-tpd-wildani/vendor/laravel/framework/src/Illuminate/View/Factory.php(150): Illuminate\\View\\FileViewFinder->find()
#2 /var/www/html/ujian-tpd-wildani/storage/framework/views/13506288b6641190d224e6e19eb45d18.php(138): Illuminate\\View\\Factory->make()
#3 /var/www/html/ujian-tpd-wildani/vendor/laravel/framework/src/Illuminate/Filesystem/Filesystem.php(123): require('...')
#4 /var/www/html/ujian-tpd-wildani/vendor/laravel/framework/src/Illuminate/Filesystem/Filesystem.php(124): Illuminate\\Filesystem\\Filesystem::Illuminate\\Filesystem\\{closure}()
#5 /var/www/html/ujian-tpd-wildani/vendor/laravel/framework/src/Illuminate/View/Engines/PhpEngine.php(57): Illuminate\\Filesystem\\Filesystem->getRequire()
#6 /var/www/html/ujian-tpd-wildani/vendor/laravel/framework/src/Illuminate/View/Engines/CompilerEngine.php(76): Illuminate\\View\\Engines\\PhpEngine->evaluatePath()
#7 /var/www/html/ujian-tpd-wildani/vendor/laravel/framework/src/Illuminate/View/View.php(208): Illuminate\\View\\Engines\\CompilerEngine->get()
#8 /var/www/html/ujian-tpd-wildani/vendor/laravel/framework/src/Illuminate/View/View.php(191): Illuminate\\View\\View->getContents()
#9 /var/www/html/ujian-tpd-wildani/vendor/laravel/framework/src/Illuminate/View/View.php(160): Illuminate\\View\\View->renderContents()
#10 /var/www/html/ujian-tpd-wildani/vendor/laravel/framework/src/Illuminate/Http/Response.php(78): Illuminate\\View\\View->render()
#11 /var/www/html/ujian-tpd-wildani/vendor/laravel/framework/src/Illuminate/Http/Response.php(34): Illuminate\\Http\\Response->setContent()
#12 /var/www/html/ujian-tpd-wildani/vendor/laravel/framework/src/Illuminate/Routing/Router.php(939): Illuminate\\Http\\Response->__construct()
#13 /var/www/html/ujian-tpd-wildani/vendor/laravel/framework/src/Illuminate/Routing/Router.php(906): Illuminate\\Routing\\Router::toResponse()
#14 /var/www/html/ujian-tpd-wildani/vendor/laravel/framework/src/Illuminate/Routing/Router.php(821): Illuminate\\Routing\\Router->prepareResponse()
#15 /var/www/html/ujian-tpd-wildani/vendor/laravel/framework/src/Illuminate/Pipeline/Pipeline.php(180): Illuminate\\Routing\\Router->Illuminate\\Routing\\{closure}()
#16 /var/www/html/ujian-tpd-wildani/vendor/laravel/framework/src/Illuminate/Routing/Middleware/SubstituteBindings.php(50): Illuminate\\Pipeline\\Pipeline->Illuminate\\Pipeline\\{closure}()
#17 /var/www/html/ujian-tpd-wildani/vendor/laravel/framework/src/Illuminate/Pipeline/Pipeline.php(219): Illuminate\\Routing\\Middleware\\SubstituteBindings->handle()
#18 /var/www/html/ujian-tpd-wildani/vendor/laravel/framework/src/Illuminate/Foundation/Http/Middleware/VerifyCsrfToken.php(87): Illuminate\\Pipeline\\Pipeline->Illuminate\\Pipeline\\{closure}()
#19 /var/www/html/ujian-tpd-wildani/vendor/laravel/framework/src/Illuminate/Pipeline/Pipeline.php(219): Illuminate\\Foundation\\Http\\Middleware\\VerifyCsrfToken->handle()
#20 /var/www/html/ujian-tpd-wildani/vendor/laravel/framework/src/Illuminate/View/Middleware/ShareErrorsFromSession.php(48): Illuminate\\Pipeline\\Pipeline->Illuminate\\Pipeline\\{closure}()
#21 /var/www/html/ujian-tpd-wildani/vendor/laravel/framework/src/Illuminate/Pipeline/Pipeline.php(219): Illuminate\\View\\Middleware\\ShareErrorsFromSession->handle()
#22 /var/www/html/ujian-tpd-wildani/vendor/laravel/framework/src/Illuminate/Session/Middleware/StartSession.php(120): Illuminate\\Pipeline\\Pipeline->Illuminate\\Pipeline\\{closure}()
#23 /var/www/html/ujian-tpd-wildani/vendor/laravel/framework/src/Illuminate/Session/Middleware/StartSession.php(63): Illuminate\\Session\\Middleware\\StartSession->handleStatefulRequest()
#24 /var/www/html/ujian-tpd-wildani/vendor/laravel/framework/src/Illuminate/Pipeline/Pipeline.php(219): Illuminate\\Session\\Middleware\\StartSession->handle()
#25 /var/www/html/ujian-tpd-wildani/vendor/laravel/framework/src/Illuminate/Cookie/Middleware/AddQueuedCookiesToResponse.php(36): Illuminate\\Pipeline\\Pipeline->Illuminate\\Pipeline\\{closure}()
#26 /var/www/html/ujian-tpd-wildani/vendor/laravel/framework/src/Illuminate/Pipeline/Pipeline.php(219): Illuminate\\Cookie\\Middleware\\AddQueuedCookiesToResponse->handle()
#27 /var/www/html/ujian-tpd-wildani/vendor/laravel/framework/src/Illuminate/Cookie/Middleware/EncryptCookies.php(74): Illuminate\\Pipeline\\Pipeline->Illuminate\\Pipeline\\{closure}()
#28 /var/www/html/ujian-tpd-wildani/vendor/laravel/framework/src/Illuminate/Pipeline/Pipeline.php(219): Illuminate\\Cookie\\Middleware\\EncryptCookies->handle()
#29 /var/www/html/ujian-tpd-wildani/vendor/laravel/framework/src/Illuminate/Pipeline/Pipeline.php(137): Illuminate\\Pipeline\\Pipeline->Illuminate\\Pipeline\\{closure}()
#30 /var/www/html/ujian-tpd-wildani/vendor/laravel/framework/src/Illuminate/Routing/Router.php(821): Illuminate\\Pipeline\\Pipeline->then()
#31 /var/www/html/ujian-tpd-wildani/vendor/laravel/framework/src/Illuminate/Routing/Router.php(800): Illuminate\\Routing\\Router->runRouteWithinStack()
#32 /var/www/html/ujian-tpd-wildani/vendor/laravel/framework/src/Illuminate/Routing/Router.php(764): Illuminate\\Routing\\Router->runRoute()
#33 /var/www/html/ujian-tpd-wildani/vendor/laravel/framework/src/Illuminate/Routing/Router.php(753): Illuminate\\Routing\\Router->dispatchToRoute()
#34 /var/www/html/ujian-tpd-wildani/vendor/laravel/framework/src/Illuminate/Foundation/Http/Kernel.php(200): Illuminate\\Routing\\Router->dispatch()
#35 /var/www/html/ujian-tpd-wildani/vendor/laravel/framework/src/Illuminate/Pipeline/Pipeline.php(180): Illuminate\\Foundation\\Http\\Kernel->Illuminate\\Foundation\\Http\\{closure}()
#36 /var/www/html/ujian-tpd-wildani/vendor/laravel/framework/src/Illuminate/Foundation/Http/Middleware/TransformsRequest.php(21): Illuminate\\Pipeline\\Pipeline->Illuminate\\Pipeline\\{closure}()
#37 /var/www/html/ujian-tpd-wildani/vendor/laravel/framework/src/Illuminate/Foundation/Http/Middleware/ConvertEmptyStringsToNull.php(31): Illuminate\\Foundation\\Http\\Middleware\\TransformsRequest->handle()
#38 /var/www/html/ujian-tpd-wildani/vendor/laravel/framework/src/Illuminate/Pipeline/Pipeline.php(219): Illuminate\\Foundation\\Http\\Middleware\\ConvertEmptyStringsToNull->handle()
#39 /var/www/html/ujian-tpd-wildani/vendor/laravel/framework/src/Illuminate/Foundation/Http/Middleware/TransformsRequest.php(21): Illuminate\\Pipeline\\Pipeline->Illuminate\\Pipeline\\{closure}()
#40 /var/www/html/ujian-tpd-wildani/vendor/laravel/framework/src/Illuminate/Foundation/Http/Middleware/TrimStrings.php(51): Illuminate\\Foundation\\Http\\Middleware\\TransformsRequest->handle()
#41 /var/www/html/ujian-tpd-wildani/vendor/laravel/framework/src/Illuminate/Pipeline/Pipeline.php(219): Illuminate\\Foundation\\Http\\Middleware\\TrimStrings->handle()
#42 /var/www/html/ujian-tpd-wildani/vendor/laravel/framework/src/Illuminate/Http/Middleware/ValidatePostSize.php(27): Illuminate\\Pipeline\\Pipeline->Illuminate\\Pipeline\\{closure}()
#43 /var/www/html/ujian-tpd-wildani/vendor/laravel/framework/src/Illuminate/Pipeline/Pipeline.php(219): Illuminate\\Http\\Middleware\\ValidatePostSize->handle()
#44 /var/www/html/ujian-tpd-wildani/vendor/laravel/framework/src/Illuminate/Foundation/Http/Middleware/PreventRequestsDuringMaintenance.php(109): Illuminate\\Pipeline\\Pipeline->Illuminate\\Pipeline\\{closure}()
#45 /var/www/html/ujian-tpd-wildani/vendor/laravel/framework/src/Illuminate/Pipeline/Pipeline.php(219): Illuminate\\Foundation\\Http\\Middleware\\PreventRequestsDuringMaintenance->handle()
#46 /var/www/html/ujian-tpd-wildani/vendor/laravel/framework/src/Illuminate/Http/Middleware/HandleCors.php(48): Illuminate\\Pipeline\\Pipeline->Illuminate\\Pipeline\\{closure}()
#47 /var/www/html/ujian-tpd-wildani/vendor/laravel/framework/src/Illuminate/Pipeline/Pipeline.php(219): Illuminate\\Http\\Middleware\\HandleCors->handle()
#48 /var/www/html/ujian-tpd-wildani/vendor/laravel/framework/src/Illuminate/Http/Middleware/TrustProxies.php(58): Illuminate\\Pipeline\\Pipeline->Illuminate\\Pipeline\\{closure}()
#49 /var/www/html/ujian-tpd-wildani/vendor/laravel/framework/src/Illuminate/Pipeline/Pipeline.php(219): Illuminate\\Http\\Middleware\\TrustProxies->handle()
#50 /var/www/html/ujian-tpd-wildani/vendor/laravel/framework/src/Illuminate/Foundation/Http/Middleware/InvokeDeferredCallbacks.php(22): Illuminate\\Pipeline\\Pipeline->Illuminate\\Pipeline\\{closure}()
#51 /var/www/html/ujian-tpd-wildani/vendor/laravel/framework/src/Illuminate/Pipeline/Pipeline.php(219): Illuminate\\Foundation\\Http\\Middleware\\InvokeDeferredCallbacks->handle()
#52 /var/www/html/ujian-tpd-wildani/vendor/laravel/framework/src/Illuminate/Http/Middleware/ValidatePathEncoding.php(26): Illuminate\\Pipeline\\Pipeline->Illuminate\\Pipeline\\{closure}()
#53 /var/www/html/ujian-tpd-wildani/vendor/laravel/framework/src/Illuminate/Pipeline/Pipeline.php(219): Illuminate\\Http\\Middleware\\ValidatePathEncoding->handle()
#54 /var/www/html/ujian-tpd-wildani/vendor/laravel/framework/src/Illuminate/Pipeline/Pipeline.php(137): Illuminate\\Pipeline\\Pipeline->Illuminate\\Pipeline\\{closure}()
#55 /var/www/html/ujian-tpd-wildani/vendor/laravel/framework/src/Illuminate/Foundation/Http/Kernel.php(175): Illuminate\\Pipeline\\Pipeline->then()
#56 /var/www/html/ujian-tpd-wildani/vendor/laravel/framework/src/Illuminate/Foundation/Http/Kernel.php(144): Illuminate\\Foundation\\Http\\Kernel->sendRequestThroughRouter()
#57 /var/www/html/ujian-tpd-wildani/vendor/laravel/framework/src/Illuminate/Foundation/Application.php(1220): Illuminate\\Foundation\\Http\\Kernel->handle()
#58 /var/www/html/ujian-tpd-wildani/public/index.php(20): Illuminate\\Foundation\\Application->handleRequest()
#59 /var/www/html/ujian-tpd-wildani/vendor/laravel/framework/src/Illuminate/Foundation/resources/server.php(23): require_once('...')
#60 {main}
"} 
[2025-09-29 18:30:20] local.ERROR: Route [arsip.create] not defined. (View: /var/www/html/ujian-tpd-wildani/resources/views/kategori/index.blade.php) {"exception":"[object] (Illuminate\\View\\ViewException(code: 0): Route [arsip.create] not defined. (View: /var/www/html/ujian-tpd-wildani/resources/views/kategori/index.blade.php) at /var/www/html/ujian-tpd-wildani/vendor/laravel/framework/src/Illuminate/Routing/UrlGenerator.php:526)
[stacktrace]
#0 /var/www/html/ujian-tpd-wildani/vendor/laravel/framework/src/Illuminate/View/Engines/PhpEngine.php(59): Illuminate\\View\\Engines\\CompilerEngine->handleViewException()
#1 /var/www/html/ujian-tpd-wildani/vendor/laravel/framework/src/Illuminate/View/Engines/CompilerEngine.php(76): Illuminate\\View\\Engines\\PhpEngine->evaluatePath()
#2 /var/www/html/ujian-tpd-wildani/vendor/laravel/framework/src/Illuminate/View/View.php(208): Illuminate\\View\\Engines\\CompilerEngine->get()
#3 /var/www/html/ujian-tpd-wildani/vendor/laravel/framework/src/Illuminate/View/View.php(191): Illuminate\\View\\View->getContents()
#4 /var/www/html/ujian-tpd-wildani/vendor/laravel/framework/src/Illuminate/View/View.php(160): Illuminate\\View\\View->renderContents()
#5 /var/www/html/ujian-tpd-wildani/vendor/laravel/framework/src/Illuminate/Http/Response.php(78): Illuminate\\View\\View->render()
#6 /var/www/html/ujian-tpd-wildani/vendor/laravel/framework/src/Illuminate/Http/Response.php(34): Illuminate\\Http\\Response->setContent()
#7 /var/www/html/ujian-tpd-wildani/vendor/laravel/framework/src/Illuminate/Routing/Router.php(939): Illuminate\\Http\\Response->__construct()
#8 /var/www/html/ujian-tpd-wildani/vendor/laravel/framework/src/Illuminate/Routing/Router.php(906): Illuminate\\Routing\\Router::toResponse()
#9 /var/www/html/ujian-tpd-wildani/vendor/laravel/framework/src/Illuminate/Routing/Router.php(821): Illuminate\\Routing\\Router->prepareResponse()
#10 /var/www/html/ujian-tpd-wildani/vendor/laravel/framework/src/Illuminate/Pipeline/Pipeline.php(180): Illuminate\\Routing\\Router->Illuminate\\Routing\\{closure}()
#11 /var/www/html/ujian-tpd-wildani/vendor/laravel/framework/src/Illuminate/Routing/Middleware/SubstituteBindings.php(50): Illuminate\\Pipeline\\Pipeline->Illuminate\\Pipeline\\{closure}()
#12 /var/www/html/ujian-tpd-wildani/vendor/laravel/framework/src/Illuminate/Pipeline/Pipeline.php(219): Illuminate\\Routing\\Middleware\\SubstituteBindings->handle()
#13 /var/www/html/ujian-tpd-wildani/vendor/laravel/framework/src/Illuminate/Foundation/Http/Middleware/VerifyCsrfToken.php(87): Illuminate\\Pipeline\\Pipeline->Illuminate\\Pipeline\\{closure}()
#14 /var/www/html/ujian-tpd-wildani/vendor/laravel/framework/src/Illuminate/Pipeline/Pipeline.php(219): Illuminate\\Foundation\\Http\\Middleware\\VerifyCsrfToken->handle()
#15 /var/www/html/ujian-tpd-wildani/vendor/laravel/framework/src/Illuminate/View/Middleware/ShareErrorsFromSession.php(48): Illuminate\\Pipeline\\Pipeline->Illuminate\\Pipeline\\{closure}()
#16 /var/www/html/ujian-tpd-wildani/vendor/laravel/framework/src/Illuminate/Pipeline/Pipeline.php(219): Illuminate\\View\\Middleware\\ShareErrorsFromSession->handle()
#17 /var/www/html/ujian-tpd-wildani/vendor/laravel/framework/src/Illuminate/Session/Middleware/StartSession.php(120): Illuminate\\Pipeline\\Pipeline->Illuminate\\Pipeline\\{closure}()
#18 /var/www/html/ujian-tpd-wildani/vendor/laravel/framework/src/Illuminate/Session/Middleware/StartSession.php(63): Illuminate\\Session\\Middleware\\StartSession->handleStatefulRequest()
#19 /var/www/html/ujian-tpd-wildani/vendor/laravel/framework/src/Illuminate/Pipeline/Pipeline.php(219): Illuminate\\Session\\Middleware\\StartSession->handle()
#20 /var/www/html/ujian-tpd-wildani/vendor/laravel/framework/src/Illuminate/Cookie/Middleware/AddQueuedCookiesToResponse.php(36): Illuminate\\Pipeline\\Pipeline->Illuminate\\Pipeline\\{closure}()
#21 /var/www/html/ujian-tpd-wildani/vendor/laravel/framework/src/Illuminate/Pipeline/Pipeline.php(219): Illuminate\\Cookie\\Middleware\\AddQueuedCookiesToResponse->handle()
#22 /var/www/html/ujian-tpd-wildani/vendor/laravel/framework/src/Illuminate/Cookie/Middleware/EncryptCookies.php(74): Illuminate\\Pipeline\\Pipeline->Illuminate\\Pipeline\\{closure}()
#23 /var/www/html/ujian-tpd-wildani/vendor/laravel/framework/src/Illuminate/Pipeline/Pipeline.php(219): Illuminate\\Cookie\\Middleware\\EncryptCookies->handle()
#24 /var/www/html/ujian-tpd-wildani/vendor/laravel/framework/src/Illuminate/Pipeline/Pipeline.php(137): Illuminate\\Pipeline\\Pipeline->Illuminate\\Pipeline\\{closure}()
#25 /var/www/html/ujian-tpd-wildani/vendor/laravel/framework/src/Illuminate/Routing/Router.php(821): Illuminate\\Pipeline\\Pipeline->then()
#26 /var/www/html/ujian-tpd-wildani/vendor/laravel/framework/src/Illuminate/Routing/Router.php(800): Illuminate\\Routing\\Router->runRouteWithinStack()
#27 /var/www/html/ujian-tpd-wildani/vendor/laravel/framework/src/Illuminate/Routing/Router.php(764): Illuminate\\Routing\\Router->runRoute()
#28 /var/www/html/ujian-tpd-wildani/vendor/laravel/framework/src/Illuminate/Routing/Router.php(753): Illuminate\\Routing\\Router->dispatchToRoute()
#29 /var/www/html/ujian-tpd-wildani/vendor/laravel/framework/src/Illuminate/Foundation/Http/Kernel.php(200): Illuminate\\Routing\\Router->dispatch()
#30 /var/www/html/ujian-tpd-wildani/vendor/laravel/framework/src/Illuminate/Pipeline/Pipeline.php(180): Illuminate\\Foundation\\Http\\Kernel->Illuminate\\Foundation\\Http\\{closure}()
#31 /var/www/html/ujian-tpd-wildani/vendor/laravel/framework/src/Illuminate/Foundation/Http/Middleware/TransformsRequest.php(21): Illuminate\\Pipeline\\Pipeline->Illuminate\\Pipeline\\{closure}()
#32 /var/www/html/ujian-tpd-wildani/vendor/laravel/framework/src/Illuminate/Foundation/Http/Middleware/ConvertEmptyStringsToNull.php(31): Illuminate\\Foundation\\Http\\Middleware\\TransformsRequest->handle()
#33 /var/www/html/ujian-tpd-wildani/vendor/laravel/framework/src/Illuminate/Pipeline/Pipeline.php(219): Illuminate\\Foundation\\Http\\Middleware\\ConvertEmptyStringsToNull->handle()
#34 /var/www/html/ujian-tpd-wildani/vendor/laravel/framework/src/Illuminate/Foundation/Http/Middleware/TransformsRequest.php(21): Illuminate\\Pipeline\\Pipeline->Illuminate\\Pipeline\\{closure}()
#35 /var/www/html/ujian-tpd-wildani/vendor/laravel/framework/src/Illuminate/Foundation/Http/Middleware/TrimStrings.php(51): Illuminate\\Foundation\\Http\\Middleware\\TransformsRequest->handle()
#36 /var/www/html/ujian-tpd-wildani/vendor/laravel/framework/src/Illuminate/Pipeline/Pipeline.php(219): Illuminate\\Foundation\\Http\\Middleware\\TrimStrings->handle()
#37 /var/www/html/ujian-tpd-wildani/vendor/laravel/framework/src/Illuminate/Http/Middleware/ValidatePostSize.php(27): Illuminate\\Pipeline\\Pipeline->Illuminate\\Pipeline\\{closure}()
#38 /var/www/html/ujian-tpd-wildani/vendor/laravel/framework/src/Illuminate/Pipeline/Pipeline.php(219): Illuminate\\Http\\Middleware\\ValidatePostSize->handle()
#39 /var/www/html/ujian-tpd-wildani/vendor/laravel/framework/src/Illuminate/Foundation/Http/Middleware/PreventRequestsDuringMaintenance.php(109): Illuminate\\Pipeline\\Pipeline->Illuminate\\Pipeline\\{closure}()
#40 /var/www/html/ujian-tpd-wildani/vendor/laravel/framework/src/Illuminate/Pipeline/Pipeline.php(219): Illuminate\\Foundation\\Http\\Middleware\\PreventRequestsDuringMaintenance->handle()
#41 /var/www/html/ujian-tpd-wildani/vendor/laravel/framework/src/Illuminate/Http/Middleware/HandleCors.php(48): Illuminate\\Pipeline\\Pipeline->Illuminate\\Pipeline\\{closure}()
#42 /var/www/html/ujian-tpd-wildani/vendor/laravel/framework/src/Illuminate/Pipeline/Pipeline.php(219): Illuminate\\Http\\Middleware\\HandleCors->handle()
#43 /var/www/html/ujian-tpd-wildani/vendor/laravel/framework/src/Illuminate/Http/Middleware/TrustProxies.php(58): Illuminate\\Pipeline\\Pipeline->Illuminate\\Pipeline\\{closure}()
#44 /var/www/html/ujian-tpd-wildani/vendor/laravel/framework/src/Illuminate/Pipeline/Pipeline.php(219): Illuminate\\Http\\Middleware\\TrustProxies->handle()
#45 /var/www/html/ujian-tpd-wildani/vendor/laravel/framework/src/Illuminate/Foundation/Http/Middleware/InvokeDeferredCallbacks.php(22): Illuminate\\Pipeline\\Pipeline->Illuminate\\Pipeline\\{closure}()
#46 /var/www/html/ujian-tpd-wildani/vendor/laravel/framework/src/Illuminate/Pipeline/Pipeline.php(219): Illuminate\\Foundation\\Http\\Middleware\\InvokeDeferredCallbacks->handle()
#47 /var/www/html/ujian-tpd-wildani/vendor/laravel/framework/src/Illuminate/Http/Middleware/ValidatePathEncoding.php(26): Illuminate\\Pipeline\\Pipeline->Illuminate\\Pipeline\\{closure}()
#48 /var/www/html/ujian-tpd-wildani/vendor/laravel/framework/src/Illuminate/Pipeline/Pipeline.php(219): Illuminate\\Http\\Middleware\\ValidatePathEncoding->handle()
#49 /var/www/html/ujian-tpd-wildani/vendor/laravel/framework/src/Illuminate/Pipeline/Pipeline.php(137): Illuminate\\Pipeline\\Pipeline->Illuminate\\Pipeline\\{closure}()
#50 /var/www/html/ujian-tpd-wildani/vendor/laravel/framework/src/Illuminate/Foundation/Http/Kernel.php(175): Illuminate\\Pipeline\\Pipeline->then()
#51 /var/www/html/ujian-tpd-wildani/vendor/laravel/framework/src/Illuminate/Foundation/Http/Kernel.php(144): Illuminate\\Foundation\\Http\\Kernel->sendRequestThroughRouter()
#52 /var/www/html/ujian-tpd-wildani/vendor/laravel/framework/src/Illuminate/Foundation/Application.php(1220): Illuminate\\Foundation\\Http\\Kernel->handle()
#53 /var/www/html/ujian-tpd-wildani/public/index.php(20): Illuminate\\Foundation\\Application->handleRequest()
#54 /var/www/html/ujian-tpd-wildani/vendor/laravel/framework/src/Illuminate/Foundation/resources/server.php(23): require_once('...')
#55 {main}

[previous exception] [object] (Symfony\\Component\\Routing\\Exception\\RouteNotFoundException(code: 0): Route [arsip.create] not defined. at /var/www/html/ujian-tpd-wildani/vendor/laravel/framework/src/Illuminate/Routing/UrlGenerator.php:526)
[stacktrace]
#0 /var/www/html/ujian-tpd-wildani/vendor/laravel/framework/src/Illuminate/Foundation/helpers.php(871): Illuminate\\Routing\\UrlGenerator->route()
#1 /var/www/html/ujian-tpd-wildani/storage/framework/views/13506288b6641190d224e6e19eb45d18.php(91): route()
#2 /var/www/html/ujian-tpd-wildani/vendor/laravel/framework/src/Illuminate/Filesystem/Filesystem.php(123): require('...')
#3 /var/www/html/ujian-tpd-wildani/vendor/laravel/framework/src/Illuminate/Filesystem/Filesystem.php(124): Illuminate\\Filesystem\\Filesystem::Illuminate\\Filesystem\\{closure}()
#4 /var/www/html/ujian-tpd-wildani/vendor/laravel/framework/src/Illuminate/View/Engines/PhpEngine.php(57): Illuminate\\Filesystem\\Filesystem->getRequire()
#5 /var/www/html/ujian-tpd-wildani/vendor/laravel/framework/src/Illuminate/View/Engines/CompilerEngine.php(76): Illuminate\\View\\Engines\\PhpEngine->evaluatePath()
#6 /var/www/html/ujian-tpd-wildani/vendor/laravel/framework/src/Illuminate/View/View.php(208): Illuminate\\View\\Engines\\CompilerEngine->get()
#7 /var/www/html/ujian-tpd-wildani/vendor/laravel/framework/src/Illuminate/View/View.php(191): Illuminate\\View\\View->getContents()
#8 /var/www/html/ujian-tpd-wildani/vendor/laravel/framework/src/Illuminate/View/View.php(160): Illuminate\\View\\View->renderContents()
#9 /var/www/html/ujian-tpd-wildani/vendor/laravel/framework/src/Illuminate/Http/Response.php(78): Illuminate\\View\\View->render()
#10 /var/www/html/ujian-tpd-wildani/vendor/laravel/framework/src/Illuminate/Http/Response.php(34): Illuminate\\Http\\Response->setContent()
#11 /var/www/html/ujian-tpd-wildani/vendor/laravel/framework/src/Illuminate/Routing/Router.php(939): Illuminate\\Http\\Response->__construct()
#12 /var/www/html/ujian-tpd-wildani/vendor/laravel/framework/src/Illuminate/Routing/Router.php(906): Illuminate\\Routing\\Router::toResponse()
#13 /var/www/html/ujian-tpd-wildani/vendor/laravel/framework/src/Illuminate/Routing/Router.php(821): Illuminate\\Routing\\Router->prepareResponse()
#14 /var/www/html/ujian-tpd-wildani/vendor/laravel/framework/src/Illuminate/Pipeline/Pipeline.php(180): Illuminate\\Routing\\Router->Illuminate\\Routing\\{closure}()
#15 /var/www/html/ujian-tpd-wildani/vendor/laravel/framework/src/Illuminate/Routing/Middleware/SubstituteBindings.php(50): Illuminate\\Pipeline\\Pipeline->Illuminate\\Pipeline\\{closure}()
#16 /var/www/html/ujian-tpd-wildani/vendor/laravel/framework/src/Illuminate/Pipeline/Pipeline.php(219): Illuminate\\Routing\\Middleware\\SubstituteBindings->handle()
#17 /var/www/html/ujian-tpd-wildani/vendor/laravel/framework/src/Illuminate/Foundation/Http/Middleware/VerifyCsrfToken.php(87): Illuminate\\Pipeline\\Pipeline->Illuminate\\Pipeline\\{closure}()
#18 /var/www/html/ujian-tpd-wildani/vendor/laravel/framework/src/Illuminate/Pipeline/Pipeline.php(219): Illuminate\\Foundation\\Http\\Middleware\\VerifyCsrfToken->handle()
#19 /var/www/html/ujian-tpd-wildani/vendor/laravel/framework/src/Illuminate/View/Middleware/ShareErrorsFromSession.php(48): Illuminate\\Pipeline\\Pipeline->Illuminate\\Pipeline\\{closure}()
#20 /var/www/html/ujian-tpd-wildani/vendor/laravel/framework/src/Illuminate/Pipeline/Pipeline.php(219): Illuminate\\View\\Middleware\\ShareErrorsFromSession->handle()
#21 /var/www/html/ujian-tpd-wildani/vendor/laravel/framework/src/Illuminate/Session/Middleware/StartSession.php(120): Illuminate\\Pipeline\\Pipeline->Illuminate\\Pipeline\\{closure}()
#22 /var/www/html/ujian-tpd-wildani/vendor/laravel/framework/src/Illuminate/Session/Middleware/StartSession.php(63): Illuminate\\Session\\Middleware\\StartSession->handleStatefulRequest()
#23 /var/www/html/ujian-tpd-wildani/vendor/laravel/framework/src/Illuminate/Pipeline/Pipeline.php(219): Illuminate\\Session\\Middleware\\StartSession->handle()
#24 /var/www/html/ujian-tpd-wildani/vendor/laravel/framework/src/Illuminate/Cookie/Middleware/AddQueuedCookiesToResponse.php(36): Illuminate\\Pipeline\\Pipeline->Illuminate\\Pipeline\\{closure}()
#25 /var/www/html/ujian-tpd-wildani/vendor/laravel/framework/src/Illuminate/Pipeline/Pipeline.php(219): Illuminate\\Cookie\\Middleware\\AddQueuedCookiesToResponse->handle()
#26 /var/www/html/ujian-tpd-wildani/vendor/laravel/framework/src/Illuminate/Cookie/Middleware/EncryptCookies.php(74): Illuminate\\Pipeline\\Pipeline->Illuminate\\Pipeline\\{closure}()
#27 /var/www/html/ujian-tpd-wildani/vendor/laravel/framework/src/Illuminate/Pipeline/Pipeline.php(219): Illuminate\\Cookie\\Middleware\\EncryptCookies->handle()
#28 /var/www/html/ujian-tpd-wildani/vendor/laravel/framework/src/Illuminate/Pipeline/Pipeline.php(137): Illuminate\\Pipeline\\Pipeline->Illuminate\\Pipeline\\{closure}()
#29 /var/www/html/ujian-tpd-wildani/vendor/laravel/framework/src/Illuminate/Routing/Router.php(821): Illuminate\\Pipeline\\Pipeline->then()
#30 /var/www/html/ujian-tpd-wildani/vendor/laravel/framework/src/Illuminate/Routing/Router.php(800): Illuminate\\Routing\\Router->runRouteWithinStack()
#31 /var/www/html/ujian-tpd-wildani/vendor/laravel/framework/src/Illuminate/Routing/Router.php(764): Illuminate\\Routing\\Router->runRoute()
#32 /var/www/html/ujian-tpd-wildani/vendor/laravel/framework/src/Illuminate/Routing/Router.php(753): Illuminate\\Routing\\Router->dispatchToRoute()
#33 /var/www/html/ujian-tpd-wildani/vendor/laravel/framework/src/Illuminate/Foundation/Http/Kernel.php(200): Illuminate\\Routing\\Router->dispatch()
#34 /var/www/html/ujian-tpd-wildani/vendor/laravel/framework/src/Illuminate/Pipeline/Pipeline.php(180): Illuminate\\Foundation\\Http\\Kernel->Illuminate\\Foundation\\Http\\{closure}()
#35 /var/www/html/ujian-tpd-wildani/vendor/laravel/framework/src/Illuminate/Foundation/Http/Middleware/TransformsRequest.php(21): Illuminate\\Pipeline\\Pipeline->Illuminate\\Pipeline\\{closure}()
#36 /var/www/html/ujian-tpd-wildani/vendor/laravel/framework/src/Illuminate/Foundation/Http/Middleware/ConvertEmptyStringsToNull.php(31): Illuminate\\Foundation\\Http\\Middleware\\TransformsRequest->handle()
#37 /var/www/html/ujian-tpd-wildani/vendor/laravel/framework/src/Illuminate/Pipeline/Pipeline.php(219): Illuminate\\Foundation\\Http\\Middleware\\ConvertEmptyStringsToNull->handle()
#38 /var/www/html/ujian-tpd-wildani/vendor/laravel/framework/src/Illuminate/Foundation/Http/Middleware/TransformsRequest.php(21): Illuminate\\Pipeline\\Pipeline->Illuminate\\Pipeline\\{closure}()
#39 /var/www/html/ujian-tpd-wildani/vendor/laravel/framework/src/Illuminate/Foundation/Http/Middleware/TrimStrings.php(51): Illuminate\\Foundation\\Http\\Middleware\\TransformsRequest->handle()
#40 /var/www/html/ujian-tpd-wildani/vendor/laravel/framework/src/Illuminate/Pipeline/Pipeline.php(219): Illuminate\\Foundation\\Http\\Middleware\\TrimStrings->handle()
#41 /var/www/html/ujian-tpd-wildani/vendor/laravel/framework/src/Illuminate/Http/Middleware/ValidatePostSize.php(27): Illuminate\\Pipeline\\Pipeline->Illuminate\\Pipeline\\{closure}()
#42 /var/www/html/ujian-tpd-wildani/vendor/laravel/framework/src/Illuminate/Pipeline/Pipeline.php(219): Illuminate\\Http\\Middleware\\ValidatePostSize->handle()
#43 /var/www/html/ujian-tpd-wildani/vendor/laravel/framework/src/Illuminate/Foundation/Http/Middleware/PreventRequestsDuringMaintenance.php(109): Illuminate\\Pipeline\\Pipeline->Illuminate\\Pipeline\\{closure}()
#44 /var/www/html/ujian-tpd-wildani/vendor/laravel/framework/src/Illuminate/Pipeline/Pipeline.php(219): Illuminate\\Foundation\\Http\\Middleware\\PreventRequestsDuringMaintenance->handle()
#45 /var/www/html/ujian-tpd-wildani/vendor/laravel/framework/src/Illuminate/Http/Middleware/HandleCors.php(48): Illuminate\\Pipeline\\Pipeline->Illuminate\\Pipeline\\{closure}()
#46 /var/www/html/ujian-tpd-wildani/vendor/laravel/framework/src/Illuminate/Pipeline/Pipeline.php(219): Illuminate\\Http\\Middleware\\HandleCors->handle()
#47 /var/www/html/ujian-tpd-wildani/vendor/laravel/framework/src/Illuminate/Http/Middleware/TrustProxies.php(58): Illuminate\\Pipeline\\Pipeline->Illuminate\\Pipeline\\{closure}()
#48 /var/www/html/ujian-tpd-wildani/vendor/laravel/framework/src/Illuminate/Pipeline/Pipeline.php(219): Illuminate\\Http\\Middleware\\TrustProxies->handle()
#49 /var/www/html/ujian-tpd-wildani/vendor/laravel/framework/src/Illuminate/Foundation/Http/Middleware/InvokeDeferredCallbacks.php(22): Illuminate\\Pipeline\\Pipeline->Illuminate\\Pipeline\\{closure}()
#50 /var/www/html/ujian-tpd-wildani/vendor/laravel/framework/src/Illuminate/Pipeline/Pipeline.php(219): Illuminate\\Foundation\\Http\\Middleware\\InvokeDeferredCallbacks->handle()
#51 /var/www/html/ujian-tpd-wildani/vendor/laravel/framework/src/Illuminate/Http/Middleware/ValidatePathEncoding.php(26): Illuminate\\Pipeline\\Pipeline->Illuminate\\Pipeline\\{closure}()
#52 /var/www/html/ujian-tpd-wildani/vendor/laravel/framework/src/Illuminate/Pipeline/Pipeline.php(219): Illuminate\\Http\\Middleware\\ValidatePathEncoding->handle()
#53 /var/www/html/ujian-tpd-wildani/vendor/laravel/framework/src/Illuminate/Pipeline/Pipeline.php(137): Illuminate\\Pipeline\\Pipeline->Illuminate\\Pipeline\\{closure}()
#54 /var/www/html/ujian-tpd-wildani/vendor/laravel/framework/src/Illuminate/Foundation/Http/Kernel.php(175): Illuminate\\Pipeline\\Pipeline->then()
#55 /var/www/html/ujian-tpd-wildani/vendor/laravel/framework/src/Illuminate/Foundation/Http/Kernel.php(144): Illuminate\\Foundation\\Http\\Kernel->sendRequestThroughRouter()
#56 /var/www/html/ujian-tpd-wildani/vendor/laravel/framework/src/Illuminate/Foundation/Application.php(1220): Illuminate\\Foundation\\Http\\Kernel->handle()
#57 /var/www/html/ujian-tpd-wildani/public/index.php(20): Illuminate\\Foundation\\Application->handleRequest()
#58 /var/www/html/ujian-tpd-wildani/vendor/laravel/framework/src/Illuminate/Foundation/resources/server.php(23): require_once('...')
#59 {main}
"} 
[2025-09-29 18:31:44] local.ERROR: Target class [KategoriController] does not exist. {"exception":"[object] (Illuminate\\Contracts\\Container\\BindingResolutionException(code: 0): Target class [KategoriController] does not exist. at /var/www/html/ujian-tpd-wildani/vendor/laravel/framework/src/Illuminate/Container/Container.php:1163)
[stacktrace]
#0 /var/www/html/ujian-tpd-wildani/vendor/laravel/framework/src/Illuminate/Container/Container.php(972): Illuminate\\Container\\Container->build()
#1 /var/www/html/ujian-tpd-wildani/vendor/laravel/framework/src/Illuminate/Foundation/Application.php(1078): Illuminate\\Container\\Container->resolve()
#2 /var/www/html/ujian-tpd-wildani/vendor/laravel/framework/src/Illuminate/Container/Container.php(903): Illuminate\\Foundation\\Application->resolve()
#3 /var/www/html/ujian-tpd-wildani/vendor/laravel/framework/src/Illuminate/Foundation/Application.php(1058): Illuminate\\Container\\Container->make()
#4 /var/www/html/ujian-tpd-wildani/vendor/laravel/framework/src/Illuminate/Routing/Route.php(286): Illuminate\\Foundation\\Application->make()
#5 /var/www/html/ujian-tpd-wildani/vendor/laravel/framework/src/Illuminate/Routing/Route.php(266): Illuminate\\Routing\\Route->getController()
#6 /var/www/html/ujian-tpd-wildani/vendor/laravel/framework/src/Illuminate/Routing/Route.php(211): Illuminate\\Routing\\Route->runController()
#7 /var/www/html/ujian-tpd-wildani/vendor/laravel/framework/src/Illuminate/Routing/Router.php(822): Illuminate\\Routing\\Route->run()
#8 /var/www/html/ujian-tpd-wildani/vendor/laravel/framework/src/Illuminate/Pipeline/Pipeline.php(180): Illuminate\\Routing\\Router->Illuminate\\Routing\\{closure}()
#9 /var/www/html/ujian-tpd-wildani/vendor/laravel/framework/src/Illuminate/Routing/Middleware/SubstituteBindings.php(50): Illuminate\\Pipeline\\Pipeline->Illuminate\\Pipeline\\{closure}()
#10 /var/www/html/ujian-tpd-wildani/vendor/laravel/framework/src/Illuminate/Pipeline/Pipeline.php(219): Illuminate\\Routing\\Middleware\\SubstituteBindings->handle()
#11 /var/www/html/ujian-tpd-wildani/vendor/laravel/framework/src/Illuminate/Foundation/Http/Middleware/VerifyCsrfToken.php(87): Illuminate\\Pipeline\\Pipeline->Illuminate\\Pipeline\\{closure}()
#12 /var/www/html/ujian-tpd-wildani/vendor/laravel/framework/src/Illuminate/Pipeline/Pipeline.php(219): Illuminate\\Foundation\\Http\\Middleware\\VerifyCsrfToken->handle()
#13 /var/www/html/ujian-tpd-wildani/vendor/laravel/framework/src/Illuminate/View/Middleware/ShareErrorsFromSession.php(48): Illuminate\\Pipeline\\Pipeline->Illuminate\\Pipeline\\{closure}()
#14 /var/www/html/ujian-tpd-wildani/vendor/laravel/framework/src/Illuminate/Pipeline/Pipeline.php(219): Illuminate\\View\\Middleware\\ShareErrorsFromSession->handle()
#15 /var/www/html/ujian-tpd-wildani/vendor/laravel/framework/src/Illuminate/Session/Middleware/StartSession.php(120): Illuminate\\Pipeline\\Pipeline->Illuminate\\Pipeline\\{closure}()
#16 /var/www/html/ujian-tpd-wildani/vendor/laravel/framework/src/Illuminate/Session/Middleware/StartSession.php(63): Illuminate\\Session\\Middleware\\StartSession->handleStatefulRequest()
#17 /var/www/html/ujian-tpd-wildani/vendor/laravel/framework/src/Illuminate/Pipeline/Pipeline.php(219): Illuminate\\Session\\Middleware\\StartSession->handle()
#18 /var/www/html/ujian-tpd-wildani/vendor/laravel/framework/src/Illuminate/Cookie/Middleware/AddQueuedCookiesToResponse.php(36): Illuminate\\Pipeline\\Pipeline->Illuminate\\Pipeline\\{closure}()
#19 /var/www/html/ujian-tpd-wildani/vendor/laravel/framework/src/Illuminate/Pipeline/Pipeline.php(219): Illuminate\\Cookie\\Middleware\\AddQueuedCookiesToResponse->handle()
#20 /var/www/html/ujian-tpd-wildani/vendor/laravel/framework/src/Illuminate/Cookie/Middleware/EncryptCookies.php(74): Illuminate\\Pipeline\\Pipeline->Illuminate\\Pipeline\\{closure}()
#21 /var/www/html/ujian-tpd-wildani/vendor/laravel/framework/src/Illuminate/Pipeline/Pipeline.php(219): Illuminate\\Cookie\\Middleware\\EncryptCookies->handle()
#22 /var/www/html/ujian-tpd-wildani/vendor/laravel/framework/src/Illuminate/Pipeline/Pipeline.php(137): Illuminate\\Pipeline\\Pipeline->Illuminate\\Pipeline\\{closure}()
#23 /var/www/html/ujian-tpd-wildani/vendor/laravel/framework/src/Illuminate/Routing/Router.php(821): Illuminate\\Pipeline\\Pipeline->then()
#24 /var/www/html/ujian-tpd-wildani/vendor/laravel/framework/src/Illuminate/Routing/Router.php(800): Illuminate\\Routing\\Router->runRouteWithinStack()
#25 /var/www/html/ujian-tpd-wildani/vendor/laravel/framework/src/Illuminate/Routing/Router.php(764): Illuminate\\Routing\\Router->runRoute()
#26 /var/www/html/ujian-tpd-wildani/vendor/laravel/framework/src/Illuminate/Routing/Router.php(753): Illuminate\\Routing\\Router->dispatchToRoute()
#27 /var/www/html/ujian-tpd-wildani/vendor/laravel/framework/src/Illuminate/Foundation/Http/Kernel.php(200): Illuminate\\Routing\\Router->dispatch()
#28 /var/www/html/ujian-tpd-wildani/vendor/laravel/framework/src/Illuminate/Pipeline/Pipeline.php(180): Illuminate\\Foundation\\Http\\Kernel->Illuminate\\Foundation\\Http\\{closure}()
#29 /var/www/html/ujian-tpd-wildani/vendor/laravel/framework/src/Illuminate/Foundation/Http/Middleware/TransformsRequest.php(21): Illuminate\\Pipeline\\Pipeline->Illuminate\\Pipeline\\{closure}()
#30 /var/www/html/ujian-tpd-wildani/vendor/laravel/framework/src/Illuminate/Foundation/Http/Middleware/ConvertEmptyStringsToNull.php(31): Illuminate\\Foundation\\Http\\Middleware\\TransformsRequest->handle()
#31 /var/www/html/ujian-tpd-wildani/vendor/laravel/framework/src/Illuminate/Pipeline/Pipeline.php(219): Illuminate\\Foundation\\Http\\Middleware\\ConvertEmptyStringsToNull->handle()
#32 /var/www/html/ujian-tpd-wildani/vendor/laravel/framework/src/Illuminate/Foundation/Http/Middleware/TransformsRequest.php(21): Illuminate\\Pipeline\\Pipeline->Illuminate\\Pipeline\\{closure}()
#33 /var/www/html/ujian-tpd-wildani/vendor/laravel/framework/src/Illuminate/Foundation/Http/Middleware/TrimStrings.php(51): Illuminate\\Foundation\\Http\\Middleware\\TransformsRequest->handle()
#34 /var/www/html/ujian-tpd-wildani/vendor/laravel/framework/src/Illuminate/Pipeline/Pipeline.php(219): Illuminate\\Foundation\\Http\\Middleware\\TrimStrings->handle()
#35 /var/www/html/ujian-tpd-wildani/vendor/laravel/framework/src/Illuminate/Http/Middleware/ValidatePostSize.php(27): Illuminate\\Pipeline\\Pipeline->Illuminate\\Pipeline\\{closure}()
#36 /var/www/html/ujian-tpd-wildani/vendor/laravel/framework/src/Illuminate/Pipeline/Pipeline.php(219): Illuminate\\Http\\Middleware\\ValidatePostSize->handle()
#37 /var/www/html/ujian-tpd-wildani/vendor/laravel/framework/src/Illuminate/Foundation/Http/Middleware/PreventRequestsDuringMaintenance.php(109): Illuminate\\Pipeline\\Pipeline->Illuminate\\Pipeline\\{closure}()
#38 /var/www/html/ujian-tpd-wildani/vendor/laravel/framework/src/Illuminate/Pipeline/Pipeline.php(219): Illuminate\\Foundation\\Http\\Middleware\\PreventRequestsDuringMaintenance->handle()
#39 /var/www/html/ujian-tpd-wildani/vendor/laravel/framework/src/Illuminate/Http/Middleware/HandleCors.php(48): Illuminate\\Pipeline\\Pipeline->Illuminate\\Pipeline\\{closure}()
#40 /var/www/html/ujian-tpd-wildani/vendor/laravel/framework/src/Illuminate/Pipeline/Pipeline.php(219): Illuminate\\Http\\Middleware\\HandleCors->handle()
#41 /var/www/html/ujian-tpd-wildani/vendor/laravel/framework/src/Illuminate/Http/Middleware/TrustProxies.php(58): Illuminate\\Pipeline\\Pipeline->Illuminate\\Pipeline\\{closure}()
#42 /var/www/html/ujian-tpd-wildani/vendor/laravel/framework/src/Illuminate/Pipeline/Pipeline.php(219): Illuminate\\Http\\Middleware\\TrustProxies->handle()
#43 /var/www/html/ujian-tpd-wildani/vendor/laravel/framework/src/Illuminate/Foundation/Http/Middleware/InvokeDeferredCallbacks.php(22): Illuminate\\Pipeline\\Pipeline->Illuminate\\Pipeline\\{closure}()
#44 /var/www/html/ujian-tpd-wildani/vendor/laravel/framework/src/Illuminate/Pipeline/Pipeline.php(219): Illuminate\\Foundation\\Http\\Middleware\\InvokeDeferredCallbacks->handle()
#45 /var/www/html/ujian-tpd-wildani/vendor/laravel/framework/src/Illuminate/Http/Middleware/ValidatePathEncoding.php(26): Illuminate\\Pipeline\\Pipeline->Illuminate\\Pipeline\\{closure}()
#46 /var/www/html/ujian-tpd-wildani/vendor/laravel/framework/src/Illuminate/Pipeline/Pipeline.php(219): Illuminate\\Http\\Middleware\\ValidatePathEncoding->handle()
#47 /var/www/html/ujian-tpd-wildani/vendor/laravel/framework/src/Illuminate/Pipeline/Pipeline.php(137): Illuminate\\Pipeline\\Pipeline->Illuminate\\Pipeline\\{closure}()
#48 /var/www/html/ujian-tpd-wildani/vendor/laravel/framework/src/Illuminate/Foundation/Http/Kernel.php(175): Illuminate\\Pipeline\\Pipeline->then()
#49 /var/www/html/ujian-tpd-wildani/vendor/laravel/framework/src/Illuminate/Foundation/Http/Kernel.php(144): Illuminate\\Foundation\\Http\\Kernel->sendRequestThroughRouter()
#50 /var/www/html/ujian-tpd-wildani/vendor/laravel/framework/src/Illuminate/Foundation/Application.php(1220): Illuminate\\Foundation\\Http\\Kernel->handle()
#51 /var/www/html/ujian-tpd-wildani/public/index.php(20): Illuminate\\Foundation\\Application->handleRequest()
#52 /var/www/html/ujian-tpd-wildani/vendor/laravel/framework/src/Illuminate/Foundation/resources/server.php(23): require_once('...')
#53 {main}

[previous exception] [object] (ReflectionException(code: -1): Class \"KategoriController\" does not exist at /var/www/html/ujian-tpd-wildani/vendor/laravel/framework/src/Illuminate/Container/Container.php:1161)
[stacktrace]
#0 /var/www/html/ujian-tpd-wildani/vendor/laravel/framework/src/Illuminate/Container/Container.php(1161): ReflectionClass->__construct()
#1 /var/www/html/ujian-tpd-wildani/vendor/laravel/framework/src/Illuminate/Container/Container.php(972): Illuminate\\Container\\Container->build()
#2 /var/www/html/ujian-tpd-wildani/vendor/laravel/framework/src/Illuminate/Foundation/Application.php(1078): Illuminate\\Container\\Container->resolve()
#3 /var/www/html/ujian-tpd-wildani/vendor/laravel/framework/src/Illuminate/Container/Container.php(903): Illuminate\\Foundation\\Application->resolve()
#4 /var/www/html/ujian-tpd-wildani/vendor/laravel/framework/src/Illuminate/Foundation/Application.php(1058): Illuminate\\Container\\Container->make()
#5 /var/www/html/ujian-tpd-wildani/vendor/laravel/framework/src/Illuminate/Routing/Route.php(286): Illuminate\\Foundation\\Application->make()
#6 /var/www/html/ujian-tpd-wildani/vendor/laravel/framework/src/Illuminate/Routing/Route.php(266): Illuminate\\Routing\\Route->getController()
#7 /var/www/html/ujian-tpd-wildani/vendor/laravel/framework/src/Illuminate/Routing/Route.php(211): Illuminate\\Routing\\Route->runController()
#8 /var/www/html/ujian-tpd-wildani/vendor/laravel/framework/src/Illuminate/Routing/Router.php(822): Illuminate\\Routing\\Route->run()
#9 /var/www/html/ujian-tpd-wildani/vendor/laravel/framework/src/Illuminate/Pipeline/Pipeline.php(180): Illuminate\\Routing\\Router->Illuminate\\Routing\\{closure}()
#10 /var/www/html/ujian-tpd-wildani/vendor/laravel/framework/src/Illuminate/Routing/Middleware/SubstituteBindings.php(50): Illuminate\\Pipeline\\Pipeline->Illuminate\\Pipeline\\{closure}()
#11 /var/www/html/ujian-tpd-wildani/vendor/laravel/framework/src/Illuminate/Pipeline/Pipeline.php(219): Illuminate\\Routing\\Middleware\\SubstituteBindings->handle()
#12 /var/www/html/ujian-tpd-wildani/vendor/laravel/framework/src/Illuminate/Foundation/Http/Middleware/VerifyCsrfToken.php(87): Illuminate\\Pipeline\\Pipeline->Illuminate\\Pipeline\\{closure}()
#13 /var/www/html/ujian-tpd-wildani/vendor/laravel/framework/src/Illuminate/Pipeline/Pipeline.php(219): Illuminate\\Foundation\\Http\\Middleware\\VerifyCsrfToken->handle()
#14 /var/www/html/ujian-tpd-wildani/vendor/laravel/framework/src/Illuminate/View/Middleware/ShareErrorsFromSession.php(48): Illuminate\\Pipeline\\Pipeline->Illuminate\\Pipeline\\{closure}()
#15 /var/www/html/ujian-tpd-wildani/vendor/laravel/framework/src/Illuminate/Pipeline/Pipeline.php(219): Illuminate\\View\\Middleware\\ShareErrorsFromSession->handle()
#16 /var/www/html/ujian-tpd-wildani/vendor/laravel/framework/src/Illuminate/Session/Middleware/StartSession.php(120): Illuminate\\Pipeline\\Pipeline->Illuminate\\Pipeline\\{closure}()
#17 /var/www/html/ujian-tpd-wildani/vendor/laravel/framework/src/Illuminate/Session/Middleware/StartSession.php(63): Illuminate\\Session\\Middleware\\StartSession->handleStatefulRequest()
#18 /var/www/html/ujian-tpd-wildani/vendor/laravel/framework/src/Illuminate/Pipeline/Pipeline.php(219): Illuminate\\Session\\Middleware\\StartSession->handle()
#19 /var/www/html/ujian-tpd-wildani/vendor/laravel/framework/src/Illuminate/Cookie/Middleware/AddQueuedCookiesToResponse.php(36): Illuminate\\Pipeline\\Pipeline->Illuminate\\Pipeline\\{closure}()
#20 /var/www/html/ujian-tpd-wildani/vendor/laravel/framework/src/Illuminate/Pipeline/Pipeline.php(219): Illuminate\\Cookie\\Middleware\\AddQueuedCookiesToResponse->handle()
#21 /var/www/html/ujian-tpd-wildani/vendor/laravel/framework/src/Illuminate/Cookie/Middleware/EncryptCookies.php(74): Illuminate\\Pipeline\\Pipeline->Illuminate\\Pipeline\\{closure}()
#22 /var/www/html/ujian-tpd-wildani/vendor/laravel/framework/src/Illuminate/Pipeline/Pipeline.php(219): Illuminate\\Cookie\\Middleware\\EncryptCookies->handle()
#23 /var/www/html/ujian-tpd-wildani/vendor/laravel/framework/src/Illuminate/Pipeline/Pipeline.php(137): Illuminate\\Pipeline\\Pipeline->Illuminate\\Pipeline\\{closure}()
#24 /var/www/html/ujian-tpd-wildani/vendor/laravel/framework/src/Illuminate/Routing/Router.php(821): Illuminate\\Pipeline\\Pipeline->then()
#25 /var/www/html/ujian-tpd-wildani/vendor/laravel/framework/src/Illuminate/Routing/Router.php(800): Illuminate\\Routing\\Router->runRouteWithinStack()
#26 /var/www/html/ujian-tpd-wildani/vendor/laravel/framework/src/Illuminate/Routing/Router.php(764): Illuminate\\Routing\\Router->runRoute()
#27 /var/www/html/ujian-tpd-wildani/vendor/laravel/framework/src/Illuminate/Routing/Router.php(753): Illuminate\\Routing\\Router->dispatchToRoute()
#28 /var/www/html/ujian-tpd-wildani/vendor/laravel/framework/src/Illuminate/Foundation/Http/Kernel.php(200): Illuminate\\Routing\\Router->dispatch()
#29 /var/www/html/ujian-tpd-wildani/vendor/laravel/framework/src/Illuminate/Pipeline/Pipeline.php(180): Illuminate\\Foundation\\Http\\Kernel->Illuminate\\Foundation\\Http\\{closure}()
#30 /var/www/html/ujian-tpd-wildani/vendor/laravel/framework/src/Illuminate/Foundation/Http/Middleware/TransformsRequest.php(21): Illuminate\\Pipeline\\Pipeline->Illuminate\\Pipeline\\{closure}()
#31 /var/www/html/ujian-tpd-wildani/vendor/laravel/framework/src/Illuminate/Foundation/Http/Middleware/ConvertEmptyStringsToNull.php(31): Illuminate\\Foundation\\Http\\Middleware\\TransformsRequest->handle()
#32 /var/www/html/ujian-tpd-wildani/vendor/laravel/framework/src/Illuminate/Pipeline/Pipeline.php(219): Illuminate\\Foundation\\Http\\Middleware\\ConvertEmptyStringsToNull->handle()
#33 /var/www/html/ujian-tpd-wildani/vendor/laravel/framework/src/Illuminate/Foundation/Http/Middleware/TransformsRequest.php(21): Illuminate\\Pipeline\\Pipeline->Illuminate\\Pipeline\\{closure}()
#34 /var/www/html/ujian-tpd-wildani/vendor/laravel/framework/src/Illuminate/Foundation/Http/Middleware/TrimStrings.php(51): Illuminate\\Foundation\\Http\\Middleware\\TransformsRequest->handle()
#35 /var/www/html/ujian-tpd-wildani/vendor/laravel/framework/src/Illuminate/Pipeline/Pipeline.php(219): Illuminate\\Foundation\\Http\\Middleware\\TrimStrings->handle()
#36 /var/www/html/ujian-tpd-wildani/vendor/laravel/framework/src/Illuminate/Http/Middleware/ValidatePostSize.php(27): Illuminate\\Pipeline\\Pipeline->Illuminate\\Pipeline\\{closure}()
#37 /var/www/html/ujian-tpd-wildani/vendor/laravel/framework/src/Illuminate/Pipeline/Pipeline.php(219): Illuminate\\Http\\Middleware\\ValidatePostSize->handle()
#38 /var/www/html/ujian-tpd-wildani/vendor/laravel/framework/src/Illuminate/Foundation/Http/Middleware/PreventRequestsDuringMaintenance.php(109): Illuminate\\Pipeline\\Pipeline->Illuminate\\Pipeline\\{closure}()
#39 /var/www/html/ujian-tpd-wildani/vendor/laravel/framework/src/Illuminate/Pipeline/Pipeline.php(219): Illuminate\\Foundation\\Http\\Middleware\\PreventRequestsDuringMaintenance->handle()
#40 /var/www/html/ujian-tpd-wildani/vendor/laravel/framework/src/Illuminate/Http/Middleware/HandleCors.php(48): Illuminate\\Pipeline\\Pipeline->Illuminate\\Pipeline\\{closure}()
#41 /var/www/html/ujian-tpd-wildani/vendor/laravel/framework/src/Illuminate/Pipeline/Pipeline.php(219): Illuminate\\Http\\Middleware\\HandleCors->handle()
#42 /var/www/html/ujian-tpd-wildani/vendor/laravel/framework/src/Illuminate/Http/Middleware/TrustProxies.php(58): Illuminate\\Pipeline\\Pipeline->Illuminate\\Pipeline\\{closure}()
#43 /var/www/html/ujian-tpd-wildani/vendor/laravel/framework/src/Illuminate/Pipeline/Pipeline.php(219): Illuminate\\Http\\Middleware\\TrustProxies->handle()
#44 /var/www/html/ujian-tpd-wildani/vendor/laravel/framework/src/Illuminate/Foundation/Http/Middleware/InvokeDeferredCallbacks.php(22): Illuminate\\Pipeline\\Pipeline->Illuminate\\Pipeline\\{closure}()
#45 /var/www/html/ujian-tpd-wildani/vendor/laravel/framework/src/Illuminate/Pipeline/Pipeline.php(219): Illuminate\\Foundation\\Http\\Middleware\\InvokeDeferredCallbacks->handle()
#46 /var/www/html/ujian-tpd-wildani/vendor/laravel/framework/src/Illuminate/Http/Middleware/ValidatePathEncoding.php(26): Illuminate\\Pipeline\\Pipeline->Illuminate\\Pipeline\\{closure}()
#47 /var/www/html/ujian-tpd-wildani/vendor/laravel/framework/src/Illuminate/Pipeline/Pipeline.php(219): Illuminate\\Http\\Middleware\\ValidatePathEncoding->handle()
#48 /var/www/html/ujian-tpd-wildani/vendor/laravel/framework/src/Illuminate/Pipeline/Pipeline.php(137): Illuminate\\Pipeline\\Pipeline->Illuminate\\Pipeline\\{closure}()
#49 /var/www/html/ujian-tpd-wildani/vendor/laravel/framework/src/Illuminate/Foundation/Http/Kernel.php(175): Illuminate\\Pipeline\\Pipeline->then()
#50 /var/www/html/ujian-tpd-wildani/vendor/laravel/framework/src/Illuminate/Foundation/Http/Kernel.php(144): Illuminate\\Foundation\\Http\\Kernel->sendRequestThroughRouter()
#51 /var/www/html/ujian-tpd-wildani/vendor/laravel/framework/src/Illuminate/Foundation/Application.php(1220): Illuminate\\Foundation\\Http\\Kernel->handle()
#52 /var/www/html/ujian-tpd-wildani/public/index.php(20): Illuminate\\Foundation\\Application->handleRequest()
#53 /var/www/html/ujian-tpd-wildani/vendor/laravel/framework/src/Illuminate/Foundation/resources/server.php(23): require_once('...')
#54 {main}
"} 
[2025-09-29 18:32:12] local.ERROR: Route [arsip.create] not defined. (View: /var/www/html/ujian-tpd-wildani/resources/views/kategori/index.blade.php) {"exception":"[object] (Illuminate\\View\\ViewException(code: 0): Route [arsip.create] not defined. (View: /var/www/html/ujian-tpd-wildani/resources/views/kategori/index.blade.php) at /var/www/html/ujian-tpd-wildani/vendor/laravel/framework/src/Illuminate/Routing/UrlGenerator.php:526)
[stacktrace]
#0 /var/www/html/ujian-tpd-wildani/vendor/laravel/framework/src/Illuminate/View/Engines/PhpEngine.php(59): Illuminate\\View\\Engines\\CompilerEngine->handleViewException()
#1 /var/www/html/ujian-tpd-wildani/vendor/laravel/framework/src/Illuminate/View/Engines/CompilerEngine.php(76): Illuminate\\View\\Engines\\PhpEngine->evaluatePath()
#2 /var/www/html/ujian-tpd-wildani/vendor/laravel/framework/src/Illuminate/View/View.php(208): Illuminate\\View\\Engines\\CompilerEngine->get()
#3 /var/www/html/ujian-tpd-wildani/vendor/laravel/framework/src/Illuminate/View/View.php(191): Illuminate\\View\\View->getContents()
#4 /var/www/html/ujian-tpd-wildani/vendor/laravel/framework/src/Illuminate/View/View.php(160): Illuminate\\View\\View->renderContents()
#5 /var/www/html/ujian-tpd-wildani/vendor/laravel/framework/src/Illuminate/Http/Response.php(78): Illuminate\\View\\View->render()
#6 /var/www/html/ujian-tpd-wildani/vendor/laravel/framework/src/Illuminate/Http/Response.php(34): Illuminate\\Http\\Response->setContent()
#7 /var/www/html/ujian-tpd-wildani/vendor/laravel/framework/src/Illuminate/Routing/Router.php(939): Illuminate\\Http\\Response->__construct()
#8 /var/www/html/ujian-tpd-wildani/vendor/laravel/framework/src/Illuminate/Routing/Router.php(906): Illuminate\\Routing\\Router::toResponse()
#9 /var/www/html/ujian-tpd-wildani/vendor/laravel/framework/src/Illuminate/Routing/Router.php(821): Illuminate\\Routing\\Router->prepareResponse()
#10 /var/www/html/ujian-tpd-wildani/vendor/laravel/framework/src/Illuminate/Pipeline/Pipeline.php(180): Illuminate\\Routing\\Router->Illuminate\\Routing\\{closure}()
#11 /var/www/html/ujian-tpd-wildani/vendor/laravel/framework/src/Illuminate/Routing/Middleware/SubstituteBindings.php(50): Illuminate\\Pipeline\\Pipeline->Illuminate\\Pipeline\\{closure}()
#12 /var/www/html/ujian-tpd-wildani/vendor/laravel/framework/src/Illuminate/Pipeline/Pipeline.php(219): Illuminate\\Routing\\Middleware\\SubstituteBindings->handle()
#13 /var/www/html/ujian-tpd-wildani/vendor/laravel/framework/src/Illuminate/Foundation/Http/Middleware/VerifyCsrfToken.php(87): Illuminate\\Pipeline\\Pipeline->Illuminate\\Pipeline\\{closure}()
#14 /var/www/html/ujian-tpd-wildani/vendor/laravel/framework/src/Illuminate/Pipeline/Pipeline.php(219): Illuminate\\Foundation\\Http\\Middleware\\VerifyCsrfToken->handle()
#15 /var/www/html/ujian-tpd-wildani/vendor/laravel/framework/src/Illuminate/View/Middleware/ShareErrorsFromSession.php(48): Illuminate\\Pipeline\\Pipeline->Illuminate\\Pipeline\\{closure}()
#16 /var/www/html/ujian-tpd-wildani/vendor/laravel/framework/src/Illuminate/Pipeline/Pipeline.php(219): Illuminate\\View\\Middleware\\ShareErrorsFromSession->handle()
#17 /var/www/html/ujian-tpd-wildani/vendor/laravel/framework/src/Illuminate/Session/Middleware/StartSession.php(120): Illuminate\\Pipeline\\Pipeline->Illuminate\\Pipeline\\{closure}()
#18 /var/www/html/ujian-tpd-wildani/vendor/laravel/framework/src/Illuminate/Session/Middleware/StartSession.php(63): Illuminate\\Session\\Middleware\\StartSession->handleStatefulRequest()
#19 /var/www/html/ujian-tpd-wildani/vendor/laravel/framework/src/Illuminate/Pipeline/Pipeline.php(219): Illuminate\\Session\\Middleware\\StartSession->handle()
#20 /var/www/html/ujian-tpd-wildani/vendor/laravel/framework/src/Illuminate/Cookie/Middleware/AddQueuedCookiesToResponse.php(36): Illuminate\\Pipeline\\Pipeline->Illuminate\\Pipeline\\{closure}()
#21 /var/www/html/ujian-tpd-wildani/vendor/laravel/framework/src/Illuminate/Pipeline/Pipeline.php(219): Illuminate\\Cookie\\Middleware\\AddQueuedCookiesToResponse->handle()
#22 /var/www/html/ujian-tpd-wildani/vendor/laravel/framework/src/Illuminate/Cookie/Middleware/EncryptCookies.php(74): Illuminate\\Pipeline\\Pipeline->Illuminate\\Pipeline\\{closure}()
#23 /var/www/html/ujian-tpd-wildani/vendor/laravel/framework/src/Illuminate/Pipeline/Pipeline.php(219): Illuminate\\Cookie\\Middleware\\EncryptCookies->handle()
#24 /var/www/html/ujian-tpd-wildani/vendor/laravel/framework/src/Illuminate/Pipeline/Pipeline.php(137): Illuminate\\Pipeline\\Pipeline->Illuminate\\Pipeline\\{closure}()
#25 /var/www/html/ujian-tpd-wildani/vendor/laravel/framework/src/Illuminate/Routing/Router.php(821): Illuminate\\Pipeline\\Pipeline->then()
#26 /var/www/html/ujian-tpd-wildani/vendor/laravel/framework/src/Illuminate/Routing/Router.php(800): Illuminate\\Routing\\Router->runRouteWithinStack()
#27 /var/www/html/ujian-tpd-wildani/vendor/laravel/framework/src/Illuminate/Routing/Router.php(764): Illuminate\\Routing\\Router->runRoute()
#28 /var/www/html/ujian-tpd-wildani/vendor/laravel/framework/src/Illuminate/Routing/Router.php(753): Illuminate\\Routing\\Router->dispatchToRoute()
#29 /var/www/html/ujian-tpd-wildani/vendor/laravel/framework/src/Illuminate/Foundation/Http/Kernel.php(200): Illuminate\\Routing\\Router->dispatch()
#30 /var/www/html/ujian-tpd-wildani/vendor/laravel/framework/src/Illuminate/Pipeline/Pipeline.php(180): Illuminate\\Foundation\\Http\\Kernel->Illuminate\\Foundation\\Http\\{closure}()
#31 /var/www/html/ujian-tpd-wildani/vendor/laravel/framework/src/Illuminate/Foundation/Http/Middleware/TransformsRequest.php(21): Illuminate\\Pipeline\\Pipeline->Illuminate\\Pipeline\\{closure}()
#32 /var/www/html/ujian-tpd-wildani/vendor/laravel/framework/src/Illuminate/Foundation/Http/Middleware/ConvertEmptyStringsToNull.php(31): Illuminate\\Foundation\\Http\\Middleware\\TransformsRequest->handle()
#33 /var/www/html/ujian-tpd-wildani/vendor/laravel/framework/src/Illuminate/Pipeline/Pipeline.php(219): Illuminate\\Foundation\\Http\\Middleware\\ConvertEmptyStringsToNull->handle()
#34 /var/www/html/ujian-tpd-wildani/vendor/laravel/framework/src/Illuminate/Foundation/Http/Middleware/TransformsRequest.php(21): Illuminate\\Pipeline\\Pipeline->Illuminate\\Pipeline\\{closure}()
#35 /var/www/html/ujian-tpd-wildani/vendor/laravel/framework/src/Illuminate/Foundation/Http/Middleware/TrimStrings.php(51): Illuminate\\Foundation\\Http\\Middleware\\TransformsRequest->handle()
#36 /var/www/html/ujian-tpd-wildani/vendor/laravel/framework/src/Illuminate/Pipeline/Pipeline.php(219): Illuminate\\Foundation\\Http\\Middleware\\TrimStrings->handle()
#37 /var/www/html/ujian-tpd-wildani/vendor/laravel/framework/src/Illuminate/Http/Middleware/ValidatePostSize.php(27): Illuminate\\Pipeline\\Pipeline->Illuminate\\Pipeline\\{closure}()
#38 /var/www/html/ujian-tpd-wildani/vendor/laravel/framework/src/Illuminate/Pipeline/Pipeline.php(219): Illuminate\\Http\\Middleware\\ValidatePostSize->handle()
#39 /var/www/html/ujian-tpd-wildani/vendor/laravel/framework/src/Illuminate/Foundation/Http/Middleware/PreventRequestsDuringMaintenance.php(109): Illuminate\\Pipeline\\Pipeline->Illuminate\\Pipeline\\{closure}()
#40 /var/www/html/ujian-tpd-wildani/vendor/laravel/framework/src/Illuminate/Pipeline/Pipeline.php(219): Illuminate\\Foundation\\Http\\Middleware\\PreventRequestsDuringMaintenance->handle()
#41 /var/www/html/ujian-tpd-wildani/vendor/laravel/framework/src/Illuminate/Http/Middleware/HandleCors.php(48): Illuminate\\Pipeline\\Pipeline->Illuminate\\Pipeline\\{closure}()
#42 /var/www/html/ujian-tpd-wildani/vendor/laravel/framework/src/Illuminate/Pipeline/Pipeline.php(219): Illuminate\\Http\\Middleware\\HandleCors->handle()
#43 /var/www/html/ujian-tpd-wildani/vendor/laravel/framework/src/Illuminate/Http/Middleware/TrustProxies.php(58): Illuminate\\Pipeline\\Pipeline->Illuminate\\Pipeline\\{closure}()
#44 /var/www/html/ujian-tpd-wildani/vendor/laravel/framework/src/Illuminate/Pipeline/Pipeline.php(219): Illuminate\\Http\\Middleware\\TrustProxies->handle()
#45 /var/www/html/ujian-tpd-wildani/vendor/laravel/framework/src/Illuminate/Foundation/Http/Middleware/InvokeDeferredCallbacks.php(22): Illuminate\\Pipeline\\Pipeline->Illuminate\\Pipeline\\{closure}()
#46 /var/www/html/ujian-tpd-wildani/vendor/laravel/framework/src/Illuminate/Pipeline/Pipeline.php(219): Illuminate\\Foundation\\Http\\Middleware\\InvokeDeferredCallbacks->handle()
#47 /var/www/html/ujian-tpd-wildani/vendor/laravel/framework/src/Illuminate/Http/Middleware/ValidatePathEncoding.php(26): Illuminate\\Pipeline\\Pipeline->Illuminate\\Pipeline\\{closure}()
#48 /var/www/html/ujian-tpd-wildani/vendor/laravel/framework/src/Illuminate/Pipeline/Pipeline.php(219): Illuminate\\Http\\Middleware\\ValidatePathEncoding->handle()
#49 /var/www/html/ujian-tpd-wildani/vendor/laravel/framework/src/Illuminate/Pipeline/Pipeline.php(137): Illuminate\\Pipeline\\Pipeline->Illuminate\\Pipeline\\{closure}()
#50 /var/www/html/ujian-tpd-wildani/vendor/laravel/framework/src/Illuminate/Foundation/Http/Kernel.php(175): Illuminate\\Pipeline\\Pipeline->then()
#51 /var/www/html/ujian-tpd-wildani/vendor/laravel/framework/src/Illuminate/Foundation/Http/Kernel.php(144): Illuminate\\Foundation\\Http\\Kernel->sendRequestThroughRouter()
#52 /var/www/html/ujian-tpd-wildani/vendor/laravel/framework/src/Illuminate/Foundation/Application.php(1220): Illuminate\\Foundation\\Http\\Kernel->handle()
#53 /var/www/html/ujian-tpd-wildani/public/index.php(20): Illuminate\\Foundation\\Application->handleRequest()
#54 /var/www/html/ujian-tpd-wildani/vendor/laravel/framework/src/Illuminate/Foundation/resources/server.php(23): require_once('...')
#55 {main}

[previous exception] [object] (Symfony\\Component\\Routing\\Exception\\RouteNotFoundException(code: 0): Route [arsip.create] not defined. at /var/www/html/ujian-tpd-wildani/vendor/laravel/framework/src/Illuminate/Routing/UrlGenerator.php:526)
[stacktrace]
#0 /var/www/html/ujian-tpd-wildani/vendor/laravel/framework/src/Illuminate/Foundation/helpers.php(871): Illuminate\\Routing\\UrlGenerator->route()
#1 /var/www/html/ujian-tpd-wildani/storage/framework/views/13506288b6641190d224e6e19eb45d18.php(91): route()
#2 /var/www/html/ujian-tpd-wildani/vendor/laravel/framework/src/Illuminate/Filesystem/Filesystem.php(123): require('...')
#3 /var/www/html/ujian-tpd-wildani/vendor/laravel/framework/src/Illuminate/Filesystem/Filesystem.php(124): Illuminate\\Filesystem\\Filesystem::Illuminate\\Filesystem\\{closure}()
#4 /var/www/html/ujian-tpd-wildani/vendor/laravel/framework/src/Illuminate/View/Engines/PhpEngine.php(57): Illuminate\\Filesystem\\Filesystem->getRequire()
#5 /var/www/html/ujian-tpd-wildani/vendor/laravel/framework/src/Illuminate/View/Engines/CompilerEngine.php(76): Illuminate\\View\\Engines\\PhpEngine->evaluatePath()
#6 /var/www/html/ujian-tpd-wildani/vendor/laravel/framework/src/Illuminate/View/View.php(208): Illuminate\\View\\Engines\\CompilerEngine->get()
#7 /var/www/html/ujian-tpd-wildani/vendor/laravel/framework/src/Illuminate/View/View.php(191): Illuminate\\View\\View->getContents()
#8 /var/www/html/ujian-tpd-wildani/vendor/laravel/framework/src/Illuminate/View/View.php(160): Illuminate\\View\\View->renderContents()
#9 /var/www/html/ujian-tpd-wildani/vendor/laravel/framework/src/Illuminate/Http/Response.php(78): Illuminate\\View\\View->render()
#10 /var/www/html/ujian-tpd-wildani/vendor/laravel/framework/src/Illuminate/Http/Response.php(34): Illuminate\\Http\\Response->setContent()
#11 /var/www/html/ujian-tpd-wildani/vendor/laravel/framework/src/Illuminate/Routing/Router.php(939): Illuminate\\Http\\Response->__construct()
#12 /var/www/html/ujian-tpd-wildani/vendor/laravel/framework/src/Illuminate/Routing/Router.php(906): Illuminate\\Routing\\Router::toResponse()
#13 /var/www/html/ujian-tpd-wildani/vendor/laravel/framework/src/Illuminate/Routing/Router.php(821): Illuminate\\Routing\\Router->prepareResponse()
#14 /var/www/html/ujian-tpd-wildani/vendor/laravel/framework/src/Illuminate/Pipeline/Pipeline.php(180): Illuminate\\Routing\\Router->Illuminate\\Routing\\{closure}()
#15 /var/www/html/ujian-tpd-wildani/vendor/laravel/framework/src/Illuminate/Routing/Middleware/SubstituteBindings.php(50): Illuminate\\Pipeline\\Pipeline->Illuminate\\Pipeline\\{closure}()
#16 /var/www/html/ujian-tpd-wildani/vendor/laravel/framework/src/Illuminate/Pipeline/Pipeline.php(219): Illuminate\\Routing\\Middleware\\SubstituteBindings->handle()
#17 /var/www/html/ujian-tpd-wildani/vendor/laravel/framework/src/Illuminate/Foundation/Http/Middleware/VerifyCsrfToken.php(87): Illuminate\\Pipeline\\Pipeline->Illuminate\\Pipeline\\{closure}()
#18 /var/www/html/ujian-tpd-wildani/vendor/laravel/framework/src/Illuminate/Pipeline/Pipeline.php(219): Illuminate\\Foundation\\Http\\Middleware\\VerifyCsrfToken->handle()
#19 /var/www/html/ujian-tpd-wildani/vendor/laravel/framework/src/Illuminate/View/Middleware/ShareErrorsFromSession.php(48): Illuminate\\Pipeline\\Pipeline->Illuminate\\Pipeline\\{closure}()
#20 /var/www/html/ujian-tpd-wildani/vendor/laravel/framework/src/Illuminate/Pipeline/Pipeline.php(219): Illuminate\\View\\Middleware\\ShareErrorsFromSession->handle()
#21 /var/www/html/ujian-tpd-wildani/vendor/laravel/framework/src/Illuminate/Session/Middleware/StartSession.php(120): Illuminate\\Pipeline\\Pipeline->Illuminate\\Pipeline\\{closure}()
#22 /var/www/html/ujian-tpd-wildani/vendor/laravel/framework/src/Illuminate/Session/Middleware/StartSession.php(63): Illuminate\\Session\\Middleware\\StartSession->handleStatefulRequest()
#23 /var/www/html/ujian-tpd-wildani/vendor/laravel/framework/src/Illuminate/Pipeline/Pipeline.php(219): Illuminate\\Session\\Middleware\\StartSession->handle()
#24 /var/www/html/ujian-tpd-wildani/vendor/laravel/framework/src/Illuminate/Cookie/Middleware/AddQueuedCookiesToResponse.php(36): Illuminate\\Pipeline\\Pipeline->Illuminate\\Pipeline\\{closure}()
#25 /var/www/html/ujian-tpd-wildani/vendor/laravel/framework/src/Illuminate/Pipeline/Pipeline.php(219): Illuminate\\Cookie\\Middleware\\AddQueuedCookiesToResponse->handle()
#26 /var/www/html/ujian-tpd-wildani/vendor/laravel/framework/src/Illuminate/Cookie/Middleware/EncryptCookies.php(74): Illuminate\\Pipeline\\Pipeline->Illuminate\\Pipeline\\{closure}()
#27 /var/www/html/ujian-tpd-wildani/vendor/laravel/framework/src/Illuminate/Pipeline/Pipeline.php(219): Illuminate\\Cookie\\Middleware\\EncryptCookies->handle()
#28 /var/www/html/ujian-tpd-wildani/vendor/laravel/framework/src/Illuminate/Pipeline/Pipeline.php(137): Illuminate\\Pipeline\\Pipeline->Illuminate\\Pipeline\\{closure}()
#29 /var/www/html/ujian-tpd-wildani/vendor/laravel/framework/src/Illuminate/Routing/Router.php(821): Illuminate\\Pipeline\\Pipeline->then()
#30 /var/www/html/ujian-tpd-wildani/vendor/laravel/framework/src/Illuminate/Routing/Router.php(800): Illuminate\\Routing\\Router->runRouteWithinStack()
#31 /var/www/html/ujian-tpd-wildani/vendor/laravel/framework/src/Illuminate/Routing/Router.php(764): Illuminate\\Routing\\Router->runRoute()
#32 /var/www/html/ujian-tpd-wildani/vendor/laravel/framework/src/Illuminate/Routing/Router.php(753): Illuminate\\Routing\\Router->dispatchToRoute()
#33 /var/www/html/ujian-tpd-wildani/vendor/laravel/framework/src/Illuminate/Foundation/Http/Kernel.php(200): Illuminate\\Routing\\Router->dispatch()
#34 /var/www/html/ujian-tpd-wildani/vendor/laravel/framework/src/Illuminate/Pipeline/Pipeline.php(180): Illuminate\\Foundation\\Http\\Kernel->Illuminate\\Foundation\\Http\\{closure}()
#35 /var/www/html/ujian-tpd-wildani/vendor/laravel/framework/src/Illuminate/Foundation/Http/Middleware/TransformsRequest.php(21): Illuminate\\Pipeline\\Pipeline->Illuminate\\Pipeline\\{closure}()
#36 /var/www/html/ujian-tpd-wildani/vendor/laravel/framework/src/Illuminate/Foundation/Http/Middleware/ConvertEmptyStringsToNull.php(31): Illuminate\\Foundation\\Http\\Middleware\\TransformsRequest->handle()
#37 /var/www/html/ujian-tpd-wildani/vendor/laravel/framework/src/Illuminate/Pipeline/Pipeline.php(219): Illuminate\\Foundation\\Http\\Middleware\\ConvertEmptyStringsToNull->handle()
#38 /var/www/html/ujian-tpd-wildani/vendor/laravel/framework/src/Illuminate/Foundation/Http/Middleware/TransformsRequest.php(21): Illuminate\\Pipeline\\Pipeline->Illuminate\\Pipeline\\{closure}()
#39 /var/www/html/ujian-tpd-wildani/vendor/laravel/framework/src/Illuminate/Foundation/Http/Middleware/TrimStrings.php(51): Illuminate\\Foundation\\Http\\Middleware\\TransformsRequest->handle()
#40 /var/www/html/ujian-tpd-wildani/vendor/laravel/framework/src/Illuminate/Pipeline/Pipeline.php(219): Illuminate\\Foundation\\Http\\Middleware\\TrimStrings->handle()
#41 /var/www/html/ujian-tpd-wildani/vendor/laravel/framework/src/Illuminate/Http/Middleware/ValidatePostSize.php(27): Illuminate\\Pipeline\\Pipeline->Illuminate\\Pipeline\\{closure}()
#42 /var/www/html/ujian-tpd-wildani/vendor/laravel/framework/src/Illuminate/Pipeline/Pipeline.php(219): Illuminate\\Http\\Middleware\\ValidatePostSize->handle()
#43 /var/www/html/ujian-tpd-wildani/vendor/laravel/framework/src/Illuminate/Foundation/Http/Middleware/PreventRequestsDuringMaintenance.php(109): Illuminate\\Pipeline\\Pipeline->Illuminate\\Pipeline\\{closure}()
#44 /var/www/html/ujian-tpd-wildani/vendor/laravel/framework/src/Illuminate/Pipeline/Pipeline.php(219): Illuminate\\Foundation\\Http\\Middleware\\PreventRequestsDuringMaintenance->handle()
#45 /var/www/html/ujian-tpd-wildani/vendor/laravel/framework/src/Illuminate/Http/Middleware/HandleCors.php(48): Illuminate\\Pipeline\\Pipeline->Illuminate\\Pipeline\\{closure}()
#46 /var/www/html/ujian-tpd-wildani/vendor/laravel/framework/src/Illuminate/Pipeline/Pipeline.php(219): Illuminate\\Http\\Middleware\\HandleCors->handle()
#47 /var/www/html/ujian-tpd-wildani/vendor/laravel/framework/src/Illuminate/Http/Middleware/TrustProxies.php(58): Illuminate\\Pipeline\\Pipeline->Illuminate\\Pipeline\\{closure}()
#48 /var/www/html/ujian-tpd-wildani/vendor/laravel/framework/src/Illuminate/Pipeline/Pipeline.php(219): Illuminate\\Http\\Middleware\\TrustProxies->handle()
#49 /var/www/html/ujian-tpd-wildani/vendor/laravel/framework/src/Illuminate/Foundation/Http/Middleware/InvokeDeferredCallbacks.php(22): Illuminate\\Pipeline\\Pipeline->Illuminate\\Pipeline\\{closure}()
#50 /var/www/html/ujian-tpd-wildani/vendor/laravel/framework/src/Illuminate/Pipeline/Pipeline.php(219): Illuminate\\Foundation\\Http\\Middleware\\InvokeDeferredCallbacks->handle()
#51 /var/www/html/ujian-tpd-wildani/vendor/laravel/framework/src/Illuminate/Http/Middleware/ValidatePathEncoding.php(26): Illuminate\\Pipeline\\Pipeline->Illuminate\\Pipeline\\{closure}()
#52 /var/www/html/ujian-tpd-wildani/vendor/laravel/framework/src/Illuminate/Pipeline/Pipeline.php(219): Illuminate\\Http\\Middleware\\ValidatePathEncoding->handle()
#53 /var/www/html/ujian-tpd-wildani/vendor/laravel/framework/src/Illuminate/Pipeline/Pipeline.php(137): Illuminate\\Pipeline\\Pipeline->Illuminate\\Pipeline\\{closure}()
#54 /var/www/html/ujian-tpd-wildani/vendor/laravel/framework/src/Illuminate/Foundation/Http/Kernel.php(175): Illuminate\\Pipeline\\Pipeline->then()
#55 /var/www/html/ujian-tpd-wildani/vendor/laravel/framework/src/Illuminate/Foundation/Http/Kernel.php(144): Illuminate\\Foundation\\Http\\Kernel->sendRequestThroughRouter()
#56 /var/www/html/ujian-tpd-wildani/vendor/laravel/framework/src/Illuminate/Foundation/Application.php(1220): Illuminate\\Foundation\\Http\\Kernel->handle()
#57 /var/www/html/ujian-tpd-wildani/public/index.php(20): Illuminate\\Foundation\\Application->handleRequest()
#58 /var/www/html/ujian-tpd-wildani/vendor/laravel/framework/src/Illuminate/Foundation/resources/server.php(23): require_once('...')
#59 {main}
"} 
[2025-09-29 18:32:13] local.ERROR: Route [arsip.create] not defined. (View: /var/www/html/ujian-tpd-wildani/resources/views/kategori/index.blade.php) {"exception":"[object] (Illuminate\\View\\ViewException(code: 0): Route [arsip.create] not defined. (View: /var/www/html/ujian-tpd-wildani/resources/views/kategori/index.blade.php) at /var/www/html/ujian-tpd-wildani/vendor/laravel/framework/src/Illuminate/Routing/UrlGenerator.php:526)
[stacktrace]
#0 /var/www/html/ujian-tpd-wildani/vendor/laravel/framework/src/Illuminate/View/Engines/PhpEngine.php(59): Illuminate\\View\\Engines\\CompilerEngine->handleViewException()
#1 /var/www/html/ujian-tpd-wildani/vendor/laravel/framework/src/Illuminate/View/Engines/CompilerEngine.php(76): Illuminate\\View\\Engines\\PhpEngine->evaluatePath()
#2 /var/www/html/ujian-tpd-wildani/vendor/laravel/framework/src/Illuminate/View/View.php(208): Illuminate\\View\\Engines\\CompilerEngine->get()
#3 /var/www/html/ujian-tpd-wildani/vendor/laravel/framework/src/Illuminate/View/View.php(191): Illuminate\\View\\View->getContents()
#4 /var/www/html/ujian-tpd-wildani/vendor/laravel/framework/src/Illuminate/View/View.php(160): Illuminate\\View\\View->renderContents()
#5 /var/www/html/ujian-tpd-wildani/vendor/laravel/framework/src/Illuminate/Http/Response.php(78): Illuminate\\View\\View->render()
#6 /var/www/html/ujian-tpd-wildani/vendor/laravel/framework/src/Illuminate/Http/Response.php(34): Illuminate\\Http\\Response->setContent()
#7 /var/www/html/ujian-tpd-wildani/vendor/laravel/framework/src/Illuminate/Routing/Router.php(939): Illuminate\\Http\\Response->__construct()
#8 /var/www/html/ujian-tpd-wildani/vendor/laravel/framework/src/Illuminate/Routing/Router.php(906): Illuminate\\Routing\\Router::toResponse()
#9 /var/www/html/ujian-tpd-wildani/vendor/laravel/framework/src/Illuminate/Routing/Router.php(821): Illuminate\\Routing\\Router->prepareResponse()
#10 /var/www/html/ujian-tpd-wildani/vendor/laravel/framework/src/Illuminate/Pipeline/Pipeline.php(180): Illuminate\\Routing\\Router->Illuminate\\Routing\\{closure}()
#11 /var/www/html/ujian-tpd-wildani/vendor/laravel/framework/src/Illuminate/Routing/Middleware/SubstituteBindings.php(50): Illuminate\\Pipeline\\Pipeline->Illuminate\\Pipeline\\{closure}()
#12 /var/www/html/ujian-tpd-wildani/vendor/laravel/framework/src/Illuminate/Pipeline/Pipeline.php(219): Illuminate\\Routing\\Middleware\\SubstituteBindings->handle()
#13 /var/www/html/ujian-tpd-wildani/vendor/laravel/framework/src/Illuminate/Foundation/Http/Middleware/VerifyCsrfToken.php(87): Illuminate\\Pipeline\\Pipeline->Illuminate\\Pipeline\\{closure}()
#14 /var/www/html/ujian-tpd-wildani/vendor/laravel/framework/src/Illuminate/Pipeline/Pipeline.php(219): Illuminate\\Foundation\\Http\\Middleware\\VerifyCsrfToken->handle()
#15 /var/www/html/ujian-tpd-wildani/vendor/laravel/framework/src/Illuminate/View/Middleware/ShareErrorsFromSession.php(48): Illuminate\\Pipeline\\Pipeline->Illuminate\\Pipeline\\{closure}()
#16 /var/www/html/ujian-tpd-wildani/vendor/laravel/framework/src/Illuminate/Pipeline/Pipeline.php(219): Illuminate\\View\\Middleware\\ShareErrorsFromSession->handle()
#17 /var/www/html/ujian-tpd-wildani/vendor/laravel/framework/src/Illuminate/Session/Middleware/StartSession.php(120): Illuminate\\Pipeline\\Pipeline->Illuminate\\Pipeline\\{closure}()
#18 /var/www/html/ujian-tpd-wildani/vendor/laravel/framework/src/Illuminate/Session/Middleware/StartSession.php(63): Illuminate\\Session\\Middleware\\StartSession->handleStatefulRequest()
#19 /var/www/html/ujian-tpd-wildani/vendor/laravel/framework/src/Illuminate/Pipeline/Pipeline.php(219): Illuminate\\Session\\Middleware\\StartSession->handle()
#20 /var/www/html/ujian-tpd-wildani/vendor/laravel/framework/src/Illuminate/Cookie/Middleware/AddQueuedCookiesToResponse.php(36): Illuminate\\Pipeline\\Pipeline->Illuminate\\Pipeline\\{closure}()
#21 /var/www/html/ujian-tpd-wildani/vendor/laravel/framework/src/Illuminate/Pipeline/Pipeline.php(219): Illuminate\\Cookie\\Middleware\\AddQueuedCookiesToResponse->handle()
#22 /var/www/html/ujian-tpd-wildani/vendor/laravel/framework/src/Illuminate/Cookie/Middleware/EncryptCookies.php(74): Illuminate\\Pipeline\\Pipeline->Illuminate\\Pipeline\\{closure}()
#23 /var/www/html/ujian-tpd-wildani/vendor/laravel/framework/src/Illuminate/Pipeline/Pipeline.php(219): Illuminate\\Cookie\\Middleware\\EncryptCookies->handle()
#24 /var/www/html/ujian-tpd-wildani/vendor/laravel/framework/src/Illuminate/Pipeline/Pipeline.php(137): Illuminate\\Pipeline\\Pipeline->Illuminate\\Pipeline\\{closure}()
#25 /var/www/html/ujian-tpd-wildani/vendor/laravel/framework/src/Illuminate/Routing/Router.php(821): Illuminate\\Pipeline\\Pipeline->then()
#26 /var/www/html/ujian-tpd-wildani/vendor/laravel/framework/src/Illuminate/Routing/Router.php(800): Illuminate\\Routing\\Router->runRouteWithinStack()
#27 /var/www/html/ujian-tpd-wildani/vendor/laravel/framework/src/Illuminate/Routing/Router.php(764): Illuminate\\Routing\\Router->runRoute()
#28 /var/www/html/ujian-tpd-wildani/vendor/laravel/framework/src/Illuminate/Routing/Router.php(753): Illuminate\\Routing\\Router->dispatchToRoute()
#29 /var/www/html/ujian-tpd-wildani/vendor/laravel/framework/src/Illuminate/Foundation/Http/Kernel.php(200): Illuminate\\Routing\\Router->dispatch()
#30 /var/www/html/ujian-tpd-wildani/vendor/laravel/framework/src/Illuminate/Pipeline/Pipeline.php(180): Illuminate\\Foundation\\Http\\Kernel->Illuminate\\Foundation\\Http\\{closure}()
#31 /var/www/html/ujian-tpd-wildani/vendor/laravel/framework/src/Illuminate/Foundation/Http/Middleware/TransformsRequest.php(21): Illuminate\\Pipeline\\Pipeline->Illuminate\\Pipeline\\{closure}()
#32 /var/www/html/ujian-tpd-wildani/vendor/laravel/framework/src/Illuminate/Foundation/Http/Middleware/ConvertEmptyStringsToNull.php(31): Illuminate\\Foundation\\Http\\Middleware\\TransformsRequest->handle()
#33 /var/www/html/ujian-tpd-wildani/vendor/laravel/framework/src/Illuminate/Pipeline/Pipeline.php(219): Illuminate\\Foundation\\Http\\Middleware\\ConvertEmptyStringsToNull->handle()
#34 /var/www/html/ujian-tpd-wildani/vendor/laravel/framework/src/Illuminate/Foundation/Http/Middleware/TransformsRequest.php(21): Illuminate\\Pipeline\\Pipeline->Illuminate\\Pipeline\\{closure}()
#35 /var/www/html/ujian-tpd-wildani/vendor/laravel/framework/src/Illuminate/Foundation/Http/Middleware/TrimStrings.php(51): Illuminate\\Foundation\\Http\\Middleware\\TransformsRequest->handle()
#36 /var/www/html/ujian-tpd-wildani/vendor/laravel/framework/src/Illuminate/Pipeline/Pipeline.php(219): Illuminate\\Foundation\\Http\\Middleware\\TrimStrings->handle()
#37 /var/www/html/ujian-tpd-wildani/vendor/laravel/framework/src/Illuminate/Http/Middleware/ValidatePostSize.php(27): Illuminate\\Pipeline\\Pipeline->Illuminate\\Pipeline\\{closure}()
#38 /var/www/html/ujian-tpd-wildani/vendor/laravel/framework/src/Illuminate/Pipeline/Pipeline.php(219): Illuminate\\Http\\Middleware\\ValidatePostSize->handle()
#39 /var/www/html/ujian-tpd-wildani/vendor/laravel/framework/src/Illuminate/Foundation/Http/Middleware/PreventRequestsDuringMaintenance.php(109): Illuminate\\Pipeline\\Pipeline->Illuminate\\Pipeline\\{closure}()
#40 /var/www/html/ujian-tpd-wildani/vendor/laravel/framework/src/Illuminate/Pipeline/Pipeline.php(219): Illuminate\\Foundation\\Http\\Middleware\\PreventRequestsDuringMaintenance->handle()
#41 /var/www/html/ujian-tpd-wildani/vendor/laravel/framework/src/Illuminate/Http/Middleware/HandleCors.php(48): Illuminate\\Pipeline\\Pipeline->Illuminate\\Pipeline\\{closure}()
#42 /var/www/html/ujian-tpd-wildani/vendor/laravel/framework/src/Illuminate/Pipeline/Pipeline.php(219): Illuminate\\Http\\Middleware\\HandleCors->handle()
#43 /var/www/html/ujian-tpd-wildani/vendor/laravel/framework/src/Illuminate/Http/Middleware/TrustProxies.php(58): Illuminate\\Pipeline\\Pipeline->Illuminate\\Pipeline\\{closure}()
#44 /var/www/html/ujian-tpd-wildani/vendor/laravel/framework/src/Illuminate/Pipeline/Pipeline.php(219): Illuminate\\Http\\Middleware\\TrustProxies->handle()
#45 /var/www/html/ujian-tpd-wildani/vendor/laravel/framework/src/Illuminate/Foundation/Http/Middleware/InvokeDeferredCallbacks.php(22): Illuminate\\Pipeline\\Pipeline->Illuminate\\Pipeline\\{closure}()
#46 /var/www/html/ujian-tpd-wildani/vendor/laravel/framework/src/Illuminate/Pipeline/Pipeline.php(219): Illuminate\\Foundation\\Http\\Middleware\\InvokeDeferredCallbacks->handle()
#47 /var/www/html/ujian-tpd-wildani/vendor/laravel/framework/src/Illuminate/Http/Middleware/ValidatePathEncoding.php(26): Illuminate\\Pipeline\\Pipeline->Illuminate\\Pipeline\\{closure}()
#48 /var/www/html/ujian-tpd-wildani/vendor/laravel/framework/src/Illuminate/Pipeline/Pipeline.php(219): Illuminate\\Http\\Middleware\\ValidatePathEncoding->handle()
#49 /var/www/html/ujian-tpd-wildani/vendor/laravel/framework/src/Illuminate/Pipeline/Pipeline.php(137): Illuminate\\Pipeline\\Pipeline->Illuminate\\Pipeline\\{closure}()
#50 /var/www/html/ujian-tpd-wildani/vendor/laravel/framework/src/Illuminate/Foundation/Http/Kernel.php(175): Illuminate\\Pipeline\\Pipeline->then()
#51 /var/www/html/ujian-tpd-wildani/vendor/laravel/framework/src/Illuminate/Foundation/Http/Kernel.php(144): Illuminate\\Foundation\\Http\\Kernel->sendRequestThroughRouter()
#52 /var/www/html/ujian-tpd-wildani/vendor/laravel/framework/src/Illuminate/Foundation/Application.php(1220): Illuminate\\Foundation\\Http\\Kernel->handle()
#53 /var/www/html/ujian-tpd-wildani/public/index.php(20): Illuminate\\Foundation\\Application->handleRequest()
#54 /var/www/html/ujian-tpd-wildani/vendor/laravel/framework/src/Illuminate/Foundation/resources/server.php(23): require_once('...')
#55 {main}

[previous exception] [object] (Symfony\\Component\\Routing\\Exception\\RouteNotFoundException(code: 0): Route [arsip.create] not defined. at /var/www/html/ujian-tpd-wildani/vendor/laravel/framework/src/Illuminate/Routing/UrlGenerator.php:526)
[stacktrace]
#0 /var/www/html/ujian-tpd-wildani/vendor/laravel/framework/src/Illuminate/Foundation/helpers.php(871): Illuminate\\Routing\\UrlGenerator->route()
#1 /var/www/html/ujian-tpd-wildani/storage/framework/views/13506288b6641190d224e6e19eb45d18.php(91): route()
#2 /var/www/html/ujian-tpd-wildani/vendor/laravel/framework/src/Illuminate/Filesystem/Filesystem.php(123): require('...')
#3 /var/www/html/ujian-tpd-wildani/vendor/laravel/framework/src/Illuminate/Filesystem/Filesystem.php(124): Illuminate\\Filesystem\\Filesystem::Illuminate\\Filesystem\\{closure}()
#4 /var/www/html/ujian-tpd-wildani/vendor/laravel/framework/src/Illuminate/View/Engines/PhpEngine.php(57): Illuminate\\Filesystem\\Filesystem->getRequire()
#5 /var/www/html/ujian-tpd-wildani/vendor/laravel/framework/src/Illuminate/View/Engines/CompilerEngine.php(76): Illuminate\\View\\Engines\\PhpEngine->evaluatePath()
#6 /var/www/html/ujian-tpd-wildani/vendor/laravel/framework/src/Illuminate/View/View.php(208): Illuminate\\View\\Engines\\CompilerEngine->get()
#7 /var/www/html/ujian-tpd-wildani/vendor/laravel/framework/src/Illuminate/View/View.php(191): Illuminate\\View\\View->getContents()
#8 /var/www/html/ujian-tpd-wildani/vendor/laravel/framework/src/Illuminate/View/View.php(160): Illuminate\\View\\View->renderContents()
#9 /var/www/html/ujian-tpd-wildani/vendor/laravel/framework/src/Illuminate/Http/Response.php(78): Illuminate\\View\\View->render()
#10 /var/www/html/ujian-tpd-wildani/vendor/laravel/framework/src/Illuminate/Http/Response.php(34): Illuminate\\Http\\Response->setContent()
#11 /var/www/html/ujian-tpd-wildani/vendor/laravel/framework/src/Illuminate/Routing/Router.php(939): Illuminate\\Http\\Response->__construct()
#12 /var/www/html/ujian-tpd-wildani/vendor/laravel/framework/src/Illuminate/Routing/Router.php(906): Illuminate\\Routing\\Router::toResponse()
#13 /var/www/html/ujian-tpd-wildani/vendor/laravel/framework/src/Illuminate/Routing/Router.php(821): Illuminate\\Routing\\Router->prepareResponse()
#14 /var/www/html/ujian-tpd-wildani/vendor/laravel/framework/src/Illuminate/Pipeline/Pipeline.php(180): Illuminate\\Routing\\Router->Illuminate\\Routing\\{closure}()
#15 /var/www/html/ujian-tpd-wildani/vendor/laravel/framework/src/Illuminate/Routing/Middleware/SubstituteBindings.php(50): Illuminate\\Pipeline\\Pipeline->Illuminate\\Pipeline\\{closure}()
#16 /var/www/html/ujian-tpd-wildani/vendor/laravel/framework/src/Illuminate/Pipeline/Pipeline.php(219): Illuminate\\Routing\\Middleware\\SubstituteBindings->handle()
#17 /var/www/html/ujian-tpd-wildani/vendor/laravel/framework/src/Illuminate/Foundation/Http/Middleware/VerifyCsrfToken.php(87): Illuminate\\Pipeline\\Pipeline->Illuminate\\Pipeline\\{closure}()
#18 /var/www/html/ujian-tpd-wildani/vendor/laravel/framework/src/Illuminate/Pipeline/Pipeline.php(219): Illuminate\\Foundation\\Http\\Middleware\\VerifyCsrfToken->handle()
#19 /var/www/html/ujian-tpd-wildani/vendor/laravel/framework/src/Illuminate/View/Middleware/ShareErrorsFromSession.php(48): Illuminate\\Pipeline\\Pipeline->Illuminate\\Pipeline\\{closure}()
#20 /var/www/html/ujian-tpd-wildani/vendor/laravel/framework/src/Illuminate/Pipeline/Pipeline.php(219): Illuminate\\View\\Middleware\\ShareErrorsFromSession->handle()
#21 /var/www/html/ujian-tpd-wildani/vendor/laravel/framework/src/Illuminate/Session/Middleware/StartSession.php(120): Illuminate\\Pipeline\\Pipeline->Illuminate\\Pipeline\\{closure}()
#22 /var/www/html/ujian-tpd-wildani/vendor/laravel/framework/src/Illuminate/Session/Middleware/StartSession.php(63): Illuminate\\Session\\Middleware\\StartSession->handleStatefulRequest()
#23 /var/www/html/ujian-tpd-wildani/vendor/laravel/framework/src/Illuminate/Pipeline/Pipeline.php(219): Illuminate\\Session\\Middleware\\StartSession->handle()
#24 /var/www/html/ujian-tpd-wildani/vendor/laravel/framework/src/Illuminate/Cookie/Middleware/AddQueuedCookiesToResponse.php(36): Illuminate\\Pipeline\\Pipeline->Illuminate\\Pipeline\\{closure}()
#25 /var/www/html/ujian-tpd-wildani/vendor/laravel/framework/src/Illuminate/Pipeline/Pipeline.php(219): Illuminate\\Cookie\\Middleware\\AddQueuedCookiesToResponse->handle()
#26 /var/www/html/ujian-tpd-wildani/vendor/laravel/framework/src/Illuminate/Cookie/Middleware/EncryptCookies.php(74): Illuminate\\Pipeline\\Pipeline->Illuminate\\Pipeline\\{closure}()
#27 /var/www/html/ujian-tpd-wildani/vendor/laravel/framework/src/Illuminate/Pipeline/Pipeline.php(219): Illuminate\\Cookie\\Middleware\\EncryptCookies->handle()
#28 /var/www/html/ujian-tpd-wildani/vendor/laravel/framework/src/Illuminate/Pipeline/Pipeline.php(137): Illuminate\\Pipeline\\Pipeline->Illuminate\\Pipeline\\{closure}()
#29 /var/www/html/ujian-tpd-wildani/vendor/laravel/framework/src/Illuminate/Routing/Router.php(821): Illuminate\\Pipeline\\Pipeline->then()
#30 /var/www/html/ujian-tpd-wildani/vendor/laravel/framework/src/Illuminate/Routing/Router.php(800): Illuminate\\Routing\\Router->runRouteWithinStack()
#31 /var/www/html/ujian-tpd-wildani/vendor/laravel/framework/src/Illuminate/Routing/Router.php(764): Illuminate\\Routing\\Router->runRoute()
#32 /var/www/html/ujian-tpd-wildani/vendor/laravel/framework/src/Illuminate/Routing/Router.php(753): Illuminate\\Routing\\Router->dispatchToRoute()
#33 /var/www/html/ujian-tpd-wildani/vendor/laravel/framework/src/Illuminate/Foundation/Http/Kernel.php(200): Illuminate\\Routing\\Router->dispatch()
#34 /var/www/html/ujian-tpd-wildani/vendor/laravel/framework/src/Illuminate/Pipeline/Pipeline.php(180): Illuminate\\Foundation\\Http\\Kernel->Illuminate\\Foundation\\Http\\{closure}()
#35 /var/www/html/ujian-tpd-wildani/vendor/laravel/framework/src/Illuminate/Foundation/Http/Middleware/TransformsRequest.php(21): Illuminate\\Pipeline\\Pipeline->Illuminate\\Pipeline\\{closure}()
#36 /var/www/html/ujian-tpd-wildani/vendor/laravel/framework/src/Illuminate/Foundation/Http/Middleware/ConvertEmptyStringsToNull.php(31): Illuminate\\Foundation\\Http\\Middleware\\TransformsRequest->handle()
#37 /var/www/html/ujian-tpd-wildani/vendor/laravel/framework/src/Illuminate/Pipeline/Pipeline.php(219): Illuminate\\Foundation\\Http\\Middleware\\ConvertEmptyStringsToNull->handle()
#38 /var/www/html/ujian-tpd-wildani/vendor/laravel/framework/src/Illuminate/Foundation/Http/Middleware/TransformsRequest.php(21): Illuminate\\Pipeline\\Pipeline->Illuminate\\Pipeline\\{closure}()
#39 /var/www/html/ujian-tpd-wildani/vendor/laravel/framework/src/Illuminate/Foundation/Http/Middleware/TrimStrings.php(51): Illuminate\\Foundation\\Http\\Middleware\\TransformsRequest->handle()
#40 /var/www/html/ujian-tpd-wildani/vendor/laravel/framework/src/Illuminate/Pipeline/Pipeline.php(219): Illuminate\\Foundation\\Http\\Middleware\\TrimStrings->handle()
#41 /var/www/html/ujian-tpd-wildani/vendor/laravel/framework/src/Illuminate/Http/Middleware/ValidatePostSize.php(27): Illuminate\\Pipeline\\Pipeline->Illuminate\\Pipeline\\{closure}()
#42 /var/www/html/ujian-tpd-wildani/vendor/laravel/framework/src/Illuminate/Pipeline/Pipeline.php(219): Illuminate\\Http\\Middleware\\ValidatePostSize->handle()
#43 /var/www/html/ujian-tpd-wildani/vendor/laravel/framework/src/Illuminate/Foundation/Http/Middleware/PreventRequestsDuringMaintenance.php(109): Illuminate\\Pipeline\\Pipeline->Illuminate\\Pipeline\\{closure}()
#44 /var/www/html/ujian-tpd-wildani/vendor/laravel/framework/src/Illuminate/Pipeline/Pipeline.php(219): Illuminate\\Foundation\\Http\\Middleware\\PreventRequestsDuringMaintenance->handle()
#45 /var/www/html/ujian-tpd-wildani/vendor/laravel/framework/src/Illuminate/Http/Middleware/HandleCors.php(48): Illuminate\\Pipeline\\Pipeline->Illuminate\\Pipeline\\{closure}()
#46 /var/www/html/ujian-tpd-wildani/vendor/laravel/framework/src/Illuminate/Pipeline/Pipeline.php(219): Illuminate\\Http\\Middleware\\HandleCors->handle()
#47 /var/www/html/ujian-tpd-wildani/vendor/laravel/framework/src/Illuminate/Http/Middleware/TrustProxies.php(58): Illuminate\\Pipeline\\Pipeline->Illuminate\\Pipeline\\{closure}()
#48 /var/www/html/ujian-tpd-wildani/vendor/laravel/framework/src/Illuminate/Pipeline/Pipeline.php(219): Illuminate\\Http\\Middleware\\TrustProxies->handle()
#49 /var/www/html/ujian-tpd-wildani/vendor/laravel/framework/src/Illuminate/Foundation/Http/Middleware/InvokeDeferredCallbacks.php(22): Illuminate\\Pipeline\\Pipeline->Illuminate\\Pipeline\\{closure}()
#50 /var/www/html/ujian-tpd-wildani/vendor/laravel/framework/src/Illuminate/Pipeline/Pipeline.php(219): Illuminate\\Foundation\\Http\\Middleware\\InvokeDeferredCallbacks->handle()
#51 /var/www/html/ujian-tpd-wildani/vendor/laravel/framework/src/Illuminate/Http/Middleware/ValidatePathEncoding.php(26): Illuminate\\Pipeline\\Pipeline->Illuminate\\Pipeline\\{closure}()
#52 /var/www/html/ujian-tpd-wildani/vendor/laravel/framework/src/Illuminate/Pipeline/Pipeline.php(219): Illuminate\\Http\\Middleware\\ValidatePathEncoding->handle()
#53 /var/www/html/ujian-tpd-wildani/vendor/laravel/framework/src/Illuminate/Pipeline/Pipeline.php(137): Illuminate\\Pipeline\\Pipeline->Illuminate\\Pipeline\\{closure}()
#54 /var/www/html/ujian-tpd-wildani/vendor/laravel/framework/src/Illuminate/Foundation/Http/Kernel.php(175): Illuminate\\Pipeline\\Pipeline->then()
#55 /var/www/html/ujian-tpd-wildani/vendor/laravel/framework/src/Illuminate/Foundation/Http/Kernel.php(144): Illuminate\\Foundation\\Http\\Kernel->sendRequestThroughRouter()
#56 /var/www/html/ujian-tpd-wildani/vendor/laravel/framework/src/Illuminate/Foundation/Application.php(1220): Illuminate\\Foundation\\Http\\Kernel->handle()
#57 /var/www/html/ujian-tpd-wildani/public/index.php(20): Illuminate\\Foundation\\Application->handleRequest()
#58 /var/www/html/ujian-tpd-wildani/vendor/laravel/framework/src/Illuminate/Foundation/resources/server.php(23): require_once('...')
#59 {main}
"} 
[2025-09-29 19:16:39] local.ERROR: The "--columns" option does not exist. {"exception":"[object] (Symfony\\Component\\Console\\Exception\\RuntimeException(code: 0): The \"--columns\" option does not exist. at /var/www/html/ujian-tpd-wildani/vendor/symfony/console/Input/ArgvInput.php:226)
[stacktrace]
#0 /var/www/html/ujian-tpd-wildani/vendor/symfony/console/Input/ArgvInput.php(153): Symfony\\Component\\Console\\Input\\ArgvInput->addLongOption()
#1 /var/www/html/ujian-tpd-wildani/vendor/symfony/console/Input/ArgvInput.php(88): Symfony\\Component\\Console\\Input\\ArgvInput->parseLongOption()
#2 /var/www/html/ujian-tpd-wildani/vendor/symfony/console/Input/ArgvInput.php(77): Symfony\\Component\\Console\\Input\\ArgvInput->parseToken()
#3 /var/www/html/ujian-tpd-wildani/vendor/symfony/console/Input/Input.php(53): Symfony\\Component\\Console\\Input\\ArgvInput->parse()
#4 /var/www/html/ujian-tpd-wildani/vendor/symfony/console/Command/Command.php(276): Symfony\\Component\\Console\\Input\\Input->bind()
#5 /var/www/html/ujian-tpd-wildani/vendor/laravel/framework/src/Illuminate/Console/Command.php(180): Symfony\\Component\\Console\\Command\\Command->run()
#6 /var/www/html/ujian-tpd-wildani/vendor/symfony/console/Application.php(1110): Illuminate\\Console\\Command->run()
#7 /var/www/html/ujian-tpd-wildani/vendor/symfony/console/Application.php(359): Symfony\\Component\\Console\\Application->doRunCommand()
#8 /var/www/html/ujian-tpd-wildani/vendor/symfony/console/Application.php(194): Symfony\\Component\\Console\\Application->doRun()
#9 /var/www/html/ujian-tpd-wildani/vendor/laravel/framework/src/Illuminate/Foundation/Console/Kernel.php(197): Symfony\\Component\\Console\\Application->run()
#10 /var/www/html/ujian-tpd-wildani/vendor/laravel/framework/src/Illuminate/Foundation/Application.php(1235): Illuminate\\Foundation\\Console\\Kernel->handle()
#11 /var/www/html/ujian-tpd-wildani/artisan(16): Illuminate\\Foundation\\Application->handleCommand()
#12 {main}
"} 
[2025-09-29 19:16:41] local.ERROR: The "--columns" option does not exist. {"exception":"[object] (Symfony\\Component\\Console\\Exception\\RuntimeException(code: 0): The \"--columns\" option does not exist. at /var/www/html/ujian-tpd-wildani/vendor/symfony/console/Input/ArgvInput.php:226)
[stacktrace]
#0 /var/www/html/ujian-tpd-wildani/vendor/symfony/console/Input/ArgvInput.php(153): Symfony\\Component\\Console\\Input\\ArgvInput->addLongOption()
#1 /var/www/html/ujian-tpd-wildani/vendor/symfony/console/Input/ArgvInput.php(88): Symfony\\Component\\Console\\Input\\ArgvInput->parseLongOption()
#2 /var/www/html/ujian-tpd-wildani/vendor/symfony/console/Input/ArgvInput.php(77): Symfony\\Component\\Console\\Input\\ArgvInput->parseToken()
#3 /var/www/html/ujian-tpd-wildani/vendor/symfony/console/Input/Input.php(53): Symfony\\Component\\Console\\Input\\ArgvInput->parse()
#4 /var/www/html/ujian-tpd-wildani/vendor/symfony/console/Command/Command.php(276): Symfony\\Component\\Console\\Input\\Input->bind()
#5 /var/www/html/ujian-tpd-wildani/vendor/laravel/framework/src/Illuminate/Console/Command.php(180): Symfony\\Component\\Console\\Command\\Command->run()
#6 /var/www/html/ujian-tpd-wildani/vendor/symfony/console/Application.php(1110): Illuminate\\Console\\Command->run()
#7 /var/www/html/ujian-tpd-wildani/vendor/symfony/console/Application.php(359): Symfony\\Component\\Console\\Application->doRunCommand()
#8 /var/www/html/ujian-tpd-wildani/vendor/symfony/console/Application.php(194): Symfony\\Component\\Console\\Application->doRun()
#9 /var/www/html/ujian-tpd-wildani/vendor/laravel/framework/src/Illuminate/Foundation/Console/Kernel.php(197): Symfony\\Component\\Console\\Application->run()
#10 /var/www/html/ujian-tpd-wildani/vendor/laravel/framework/src/Illuminate/Foundation/Application.php(1235): Illuminate\\Foundation\\Console\\Kernel->handle()
#11 /var/www/html/ujian-tpd-wildani/artisan(16): Illuminate\\Foundation\\Application->handleCommand()
#12 {main}
"} 
[2025-09-29 19:16:43] local.ERROR: The "--columns" option does not exist. {"exception":"[object] (Symfony\\Component\\Console\\Exception\\RuntimeException(code: 0): The \"--columns\" option does not exist. at /var/www/html/ujian-tpd-wildani/vendor/symfony/console/Input/ArgvInput.php:226)
[stacktrace]
#0 /var/www/html/ujian-tpd-wildani/vendor/symfony/console/Input/ArgvInput.php(153): Symfony\\Component\\Console\\Input\\ArgvInput->addLongOption()
#1 /var/www/html/ujian-tpd-wildani/vendor/symfony/console/Input/ArgvInput.php(88): Symfony\\Component\\Console\\Input\\ArgvInput->parseLongOption()
#2 /var/www/html/ujian-tpd-wildani/vendor/symfony/console/Input/ArgvInput.php(77): Symfony\\Component\\Console\\Input\\ArgvInput->parseToken()
#3 /var/www/html/ujian-tpd-wildani/vendor/symfony/console/Input/Input.php(53): Symfony\\Component\\Console\\Input\\ArgvInput->parse()
#4 /var/www/html/ujian-tpd-wildani/vendor/symfony/console/Command/Command.php(276): Symfony\\Component\\Console\\Input\\Input->bind()
#5 /var/www/html/ujian-tpd-wildani/vendor/laravel/framework/src/Illuminate/Console/Command.php(180): Symfony\\Component\\Console\\Command\\Command->run()
#6 /var/www/html/ujian-tpd-wildani/vendor/symfony/console/Application.php(1110): Illuminate\\Console\\Command->run()
#7 /var/www/html/ujian-tpd-wildani/vendor/symfony/console/Application.php(359): Symfony\\Component\\Console\\Application->doRunCommand()
#8 /var/www/html/ujian-tpd-wildani/vendor/symfony/console/Application.php(194): Symfony\\Component\\Console\\Application->doRun()
#9 /var/www/html/ujian-tpd-wildani/vendor/laravel/framework/src/Illuminate/Foundation/Console/Kernel.php(197): Symfony\\Component\\Console\\Application->run()
#10 /var/www/html/ujian-tpd-wildani/vendor/laravel/framework/src/Illuminate/Foundation/Application.php(1235): Illuminate\\Foundation\\Console\\Kernel->handle()
#11 /var/www/html/ujian-tpd-wildani/artisan(16): Illuminate\\Foundation\\Application->handleCommand()
#12 {main}
"} 
[2025-09-29 19:17:30] local.ERROR: The "--columns" option does not exist. {"exception":"[object] (Symfony\\Component\\Console\\Exception\\RuntimeException(code: 0): The \"--columns\" option does not exist. at /var/www/html/ujian-tpd-wildani/vendor/symfony/console/Input/ArgvInput.php:226)
[stacktrace]
#0 /var/www/html/ujian-tpd-wildani/vendor/symfony/console/Input/ArgvInput.php(153): Symfony\\Component\\Console\\Input\\ArgvInput->addLongOption()
#1 /var/www/html/ujian-tpd-wildani/vendor/symfony/console/Input/ArgvInput.php(88): Symfony\\Component\\Console\\Input\\ArgvInput->parseLongOption()
#2 /var/www/html/ujian-tpd-wildani/vendor/symfony/console/Input/ArgvInput.php(77): Symfony\\Component\\Console\\Input\\ArgvInput->parseToken()
#3 /var/www/html/ujian-tpd-wildani/vendor/symfony/console/Input/Input.php(53): Symfony\\Component\\Console\\Input\\ArgvInput->parse()
#4 /var/www/html/ujian-tpd-wildani/vendor/symfony/console/Command/Command.php(276): Symfony\\Component\\Console\\Input\\Input->bind()
#5 /var/www/html/ujian-tpd-wildani/vendor/laravel/framework/src/Illuminate/Console/Command.php(180): Symfony\\Component\\Console\\Command\\Command->run()
#6 /var/www/html/ujian-tpd-wildani/vendor/symfony/console/Application.php(1110): Illuminate\\Console\\Command->run()
#7 /var/www/html/ujian-tpd-wildani/vendor/symfony/console/Application.php(359): Symfony\\Component\\Console\\Application->doRunCommand()
#8 /var/www/html/ujian-tpd-wildani/vendor/symfony/console/Application.php(194): Symfony\\Component\\Console\\Application->doRun()
#9 /var/www/html/ujian-tpd-wildani/vendor/laravel/framework/src/Illuminate/Foundation/Console/Kernel.php(197): Symfony\\Component\\Console\\Application->run()
#10 /var/www/html/ujian-tpd-wildani/vendor/laravel/framework/src/Illuminate/Foundation/Application.php(1235): Illuminate\\Foundation\\Console\\Kernel->handle()
#11 /var/www/html/ujian-tpd-wildani/artisan(16): Illuminate\\Foundation\\Application->handleCommand()
#12 {main}
"} 
[2025-09-29 19:17:32] local.ERROR: The "--columns" option does not exist. {"exception":"[object] (Symfony\\Component\\Console\\Exception\\RuntimeException(code: 0): The \"--columns\" option does not exist. at /var/www/html/ujian-tpd-wildani/vendor/symfony/console/Input/ArgvInput.php:226)
[stacktrace]
#0 /var/www/html/ujian-tpd-wildani/vendor/symfony/console/Input/ArgvInput.php(153): Symfony\\Component\\Console\\Input\\ArgvInput->addLongOption()
#1 /var/www/html/ujian-tpd-wildani/vendor/symfony/console/Input/ArgvInput.php(88): Symfony\\Component\\Console\\Input\\ArgvInput->parseLongOption()
#2 /var/www/html/ujian-tpd-wildani/vendor/symfony/console/Input/ArgvInput.php(77): Symfony\\Component\\Console\\Input\\ArgvInput->parseToken()
#3 /var/www/html/ujian-tpd-wildani/vendor/symfony/console/Input/Input.php(53): Symfony\\Component\\Console\\Input\\ArgvInput->parse()
#4 /var/www/html/ujian-tpd-wildani/vendor/symfony/console/Command/Command.php(276): Symfony\\Component\\Console\\Input\\Input->bind()
#5 /var/www/html/ujian-tpd-wildani/vendor/laravel/framework/src/Illuminate/Console/Command.php(180): Symfony\\Component\\Console\\Command\\Command->run()
#6 /var/www/html/ujian-tpd-wildani/vendor/symfony/console/Application.php(1110): Illuminate\\Console\\Command->run()
#7 /var/www/html/ujian-tpd-wildani/vendor/symfony/console/Application.php(359): Symfony\\Component\\Console\\Application->doRunCommand()
#8 /var/www/html/ujian-tpd-wildani/vendor/symfony/console/Application.php(194): Symfony\\Component\\Console\\Application->doRun()
#9 /var/www/html/ujian-tpd-wildani/vendor/laravel/framework/src/Illuminate/Foundation/Console/Kernel.php(197): Symfony\\Component\\Console\\Application->run()
#10 /var/www/html/ujian-tpd-wildani/vendor/laravel/framework/src/Illuminate/Foundation/Application.php(1235): Illuminate\\Foundation\\Console\\Kernel->handle()
#11 /var/www/html/ujian-tpd-wildani/artisan(16): Illuminate\\Foundation\\Application->handleCommand()
#12 {main}
"} 
[2025-09-29 19:17:34] local.ERROR: The "--columns" option does not exist. {"exception":"[object] (Symfony\\Component\\Console\\Exception\\RuntimeException(code: 0): The \"--columns\" option does not exist. at /var/www/html/ujian-tpd-wildani/vendor/symfony/console/Input/ArgvInput.php:226)
[stacktrace]
#0 /var/www/html/ujian-tpd-wildani/vendor/symfony/console/Input/ArgvInput.php(153): Symfony\\Component\\Console\\Input\\ArgvInput->addLongOption()
#1 /var/www/html/ujian-tpd-wildani/vendor/symfony/console/Input/ArgvInput.php(88): Symfony\\Component\\Console\\Input\\ArgvInput->parseLongOption()
#2 /var/www/html/ujian-tpd-wildani/vendor/symfony/console/Input/ArgvInput.php(77): Symfony\\Component\\Console\\Input\\ArgvInput->parseToken()
#3 /var/www/html/ujian-tpd-wildani/vendor/symfony/console/Input/Input.php(53): Symfony\\Component\\Console\\Input\\ArgvInput->parse()
#4 /var/www/html/ujian-tpd-wildani/vendor/symfony/console/Command/Command.php(276): Symfony\\Component\\Console\\Input\\Input->bind()
#5 /var/www/html/ujian-tpd-wildani/vendor/laravel/framework/src/Illuminate/Console/Command.php(180): Symfony\\Component\\Console\\Command\\Command->run()
#6 /var/www/html/ujian-tpd-wildani/vendor/symfony/console/Application.php(1110): Illuminate\\Console\\Command->run()
#7 /var/www/html/ujian-tpd-wildani/vendor/symfony/console/Application.php(359): Symfony\\Component\\Console\\Application->doRunCommand()
#8 /var/www/html/ujian-tpd-wildani/vendor/symfony/console/Application.php(194): Symfony\\Component\\Console\\Application->doRun()
#9 /var/www/html/ujian-tpd-wildani/vendor/laravel/framework/src/Illuminate/Foundation/Console/Kernel.php(197): Symfony\\Component\\Console\\Application->run()
#10 /var/www/html/ujian-tpd-wildani/vendor/laravel/framework/src/Illuminate/Foundation/Application.php(1235): Illuminate\\Foundation\\Console\\Kernel->handle()
#11 /var/www/html/ujian-tpd-wildani/artisan(16): Illuminate\\Foundation\\Application->handleCommand()
#12 {main}
"} 
[2025-09-29 19:22:30] local.ERROR: The "--columns" option does not exist. {"exception":"[object] (Symfony\\Component\\Console\\Exception\\RuntimeException(code: 0): The \"--columns\" option does not exist. at /var/www/html/ujian-tpd-wildani/vendor/symfony/console/Input/ArgvInput.php:226)
[stacktrace]
#0 /var/www/html/ujian-tpd-wildani/vendor/symfony/console/Input/ArgvInput.php(153): Symfony\\Component\\Console\\Input\\ArgvInput->addLongOption()
#1 /var/www/html/ujian-tpd-wildani/vendor/symfony/console/Input/ArgvInput.php(88): Symfony\\Component\\Console\\Input\\ArgvInput->parseLongOption()
#2 /var/www/html/ujian-tpd-wildani/vendor/symfony/console/Input/ArgvInput.php(77): Symfony\\Component\\Console\\Input\\ArgvInput->parseToken()
#3 /var/www/html/ujian-tpd-wildani/vendor/symfony/console/Input/Input.php(53): Symfony\\Component\\Console\\Input\\ArgvInput->parse()
#4 /var/www/html/ujian-tpd-wildani/vendor/symfony/console/Command/Command.php(276): Symfony\\Component\\Console\\Input\\Input->bind()
#5 /var/www/html/ujian-tpd-wildani/vendor/laravel/framework/src/Illuminate/Console/Command.php(180): Symfony\\Component\\Console\\Command\\Command->run()
#6 /var/www/html/ujian-tpd-wildani/vendor/symfony/console/Application.php(1110): Illuminate\\Console\\Command->run()
#7 /var/www/html/ujian-tpd-wildani/vendor/symfony/console/Application.php(359): Symfony\\Component\\Console\\Application->doRunCommand()
#8 /var/www/html/ujian-tpd-wildani/vendor/symfony/console/Application.php(194): Symfony\\Component\\Console\\Application->doRun()
#9 /var/www/html/ujian-tpd-wildani/vendor/laravel/framework/src/Illuminate/Foundation/Console/Kernel.php(197): Symfony\\Component\\Console\\Application->run()
#10 /var/www/html/ujian-tpd-wildani/vendor/laravel/framework/src/Illuminate/Foundation/Application.php(1235): Illuminate\\Foundation\\Console\\Kernel->handle()
#11 /var/www/html/ujian-tpd-wildani/artisan(16): Illuminate\\Foundation\\Application->handleCommand()
#12 {main}
"} 
[2025-09-29 19:22:32] local.ERROR: The "--columns" option does not exist. {"exception":"[object] (Symfony\\Component\\Console\\Exception\\RuntimeException(code: 0): The \"--columns\" option does not exist. at /var/www/html/ujian-tpd-wildani/vendor/symfony/console/Input/ArgvInput.php:226)
[stacktrace]
#0 /var/www/html/ujian-tpd-wildani/vendor/symfony/console/Input/ArgvInput.php(153): Symfony\\Component\\Console\\Input\\ArgvInput->addLongOption()
#1 /var/www/html/ujian-tpd-wildani/vendor/symfony/console/Input/ArgvInput.php(88): Symfony\\Component\\Console\\Input\\ArgvInput->parseLongOption()
#2 /var/www/html/ujian-tpd-wildani/vendor/symfony/console/Input/ArgvInput.php(77): Symfony\\Component\\Console\\Input\\ArgvInput->parseToken()
#3 /var/www/html/ujian-tpd-wildani/vendor/symfony/console/Input/Input.php(53): Symfony\\Component\\Console\\Input\\ArgvInput->parse()
#4 /var/www/html/ujian-tpd-wildani/vendor/symfony/console/Command/Command.php(276): Symfony\\Component\\Console\\Input\\Input->bind()
#5 /var/www/html/ujian-tpd-wildani/vendor/laravel/framework/src/Illuminate/Console/Command.php(180): Symfony\\Component\\Console\\Command\\Command->run()
#6 /var/www/html/ujian-tpd-wildani/vendor/symfony/console/Application.php(1110): Illuminate\\Console\\Command->run()
#7 /var/www/html/ujian-tpd-wildani/vendor/symfony/console/Application.php(359): Symfony\\Component\\Console\\Application->doRunCommand()
#8 /var/www/html/ujian-tpd-wildani/vendor/symfony/console/Application.php(194): Symfony\\Component\\Console\\Application->doRun()
#9 /var/www/html/ujian-tpd-wildani/vendor/laravel/framework/src/Illuminate/Foundation/Console/Kernel.php(197): Symfony\\Component\\Console\\Application->run()
#10 /var/www/html/ujian-tpd-wildani/vendor/laravel/framework/src/Illuminate/Foundation/Application.php(1235): Illuminate\\Foundation\\Console\\Kernel->handle()
#11 /var/www/html/ujian-tpd-wildani/artisan(16): Illuminate\\Foundation\\Application->handleCommand()
#12 {main}
"} 
[2025-09-29 19:22:35] local.ERROR: The "--columns" option does not exist. {"exception":"[object] (Symfony\\Component\\Console\\Exception\\RuntimeException(code: 0): The \"--columns\" option does not exist. at /var/www/html/ujian-tpd-wildani/vendor/symfony/console/Input/ArgvInput.php:226)
[stacktrace]
#0 /var/www/html/ujian-tpd-wildani/vendor/symfony/console/Input/ArgvInput.php(153): Symfony\\Component\\Console\\Input\\ArgvInput->addLongOption()
#1 /var/www/html/ujian-tpd-wildani/vendor/symfony/console/Input/ArgvInput.php(88): Symfony\\Component\\Console\\Input\\ArgvInput->parseLongOption()
#2 /var/www/html/ujian-tpd-wildani/vendor/symfony/console/Input/ArgvInput.php(77): Symfony\\Component\\Console\\Input\\ArgvInput->parseToken()
#3 /var/www/html/ujian-tpd-wildani/vendor/symfony/console/Input/Input.php(53): Symfony\\Component\\Console\\Input\\ArgvInput->parse()
#4 /var/www/html/ujian-tpd-wildani/vendor/symfony/console/Command/Command.php(276): Symfony\\Component\\Console\\Input\\Input->bind()
#5 /var/www/html/ujian-tpd-wildani/vendor/laravel/framework/src/Illuminate/Console/Command.php(180): Symfony\\Component\\Console\\Command\\Command->run()
#6 /var/www/html/ujian-tpd-wildani/vendor/symfony/console/Application.php(1110): Illuminate\\Console\\Command->run()
#7 /var/www/html/ujian-tpd-wildani/vendor/symfony/console/Application.php(359): Symfony\\Component\\Console\\Application->doRunCommand()
#8 /var/www/html/ujian-tpd-wildani/vendor/symfony/console/Application.php(194): Symfony\\Component\\Console\\Application->doRun()
#9 /var/www/html/ujian-tpd-wildani/vendor/laravel/framework/src/Illuminate/Foundation/Console/Kernel.php(197): Symfony\\Component\\Console\\Application->run()
#10 /var/www/html/ujian-tpd-wildani/vendor/laravel/framework/src/Illuminate/Foundation/Application.php(1235): Illuminate\\Foundation\\Console\\Kernel->handle()
#11 /var/www/html/ujian-tpd-wildani/artisan(16): Illuminate\\Foundation\\Application->handleCommand()
#12 {main}
"} 
[2025-09-29 19:50:45] local.ERROR: View [arsip.create] not found. {"exception":"[object] (InvalidArgumentException(code: 0): View [arsip.create] not found. at /var/www/html/ujian-tpd-wildani/vendor/laravel/framework/src/Illuminate/View/FileViewFinder.php:138)
[stacktrace]
#0 /var/www/html/ujian-tpd-wildani/vendor/laravel/framework/src/Illuminate/View/FileViewFinder.php(78): Illuminate\\View\\FileViewFinder->findInPaths()
#1 /var/www/html/ujian-tpd-wildani/vendor/laravel/framework/src/Illuminate/View/Factory.php(150): Illuminate\\View\\FileViewFinder->find()
#2 /var/www/html/ujian-tpd-wildani/vendor/laravel/framework/src/Illuminate/Foundation/helpers.php(1101): Illuminate\\View\\Factory->make()
#3 /var/www/html/ujian-tpd-wildani/app/Http/Controllers/ArsipController.php(26): view()
#4 /var/www/html/ujian-tpd-wildani/vendor/laravel/framework/src/Illuminate/Routing/ControllerDispatcher.php(46): App\\Http\\Controllers\\ArsipController->create()
#5 /var/www/html/ujian-tpd-wildani/vendor/laravel/framework/src/Illuminate/Routing/Route.php(265): Illuminate\\Routing\\ControllerDispatcher->dispatch()
#6 /var/www/html/ujian-tpd-wildani/vendor/laravel/framework/src/Illuminate/Routing/Route.php(211): Illuminate\\Routing\\Route->runController()
#7 /var/www/html/ujian-tpd-wildani/vendor/laravel/framework/src/Illuminate/Routing/Router.php(822): Illuminate\\Routing\\Route->run()
#8 /var/www/html/ujian-tpd-wildani/vendor/laravel/framework/src/Illuminate/Pipeline/Pipeline.php(180): Illuminate\\Routing\\Router->Illuminate\\Routing\\{closure}()
#9 /var/www/html/ujian-tpd-wildani/vendor/laravel/framework/src/Illuminate/Routing/Middleware/SubstituteBindings.php(50): Illuminate\\Pipeline\\Pipeline->Illuminate\\Pipeline\\{closure}()
#10 /var/www/html/ujian-tpd-wildani/vendor/laravel/framework/src/Illuminate/Pipeline/Pipeline.php(219): Illuminate\\Routing\\Middleware\\SubstituteBindings->handle()
#11 /var/www/html/ujian-tpd-wildani/vendor/laravel/framework/src/Illuminate/Foundation/Http/Middleware/VerifyCsrfToken.php(87): Illuminate\\Pipeline\\Pipeline->Illuminate\\Pipeline\\{closure}()
#12 /var/www/html/ujian-tpd-wildani/vendor/laravel/framework/src/Illuminate/Pipeline/Pipeline.php(219): Illuminate\\Foundation\\Http\\Middleware\\VerifyCsrfToken->handle()
#13 /var/www/html/ujian-tpd-wildani/vendor/laravel/framework/src/Illuminate/View/Middleware/ShareErrorsFromSession.php(48): Illuminate\\Pipeline\\Pipeline->Illuminate\\Pipeline\\{closure}()
#14 /var/www/html/ujian-tpd-wildani/vendor/laravel/framework/src/Illuminate/Pipeline/Pipeline.php(219): Illuminate\\View\\Middleware\\ShareErrorsFromSession->handle()
#15 /var/www/html/ujian-tpd-wildani/vendor/laravel/framework/src/Illuminate/Session/Middleware/StartSession.php(120): Illuminate\\Pipeline\\Pipeline->Illuminate\\Pipeline\\{closure}()
#16 /var/www/html/ujian-tpd-wildani/vendor/laravel/framework/src/Illuminate/Session/Middleware/StartSession.php(63): Illuminate\\Session\\Middleware\\StartSession->handleStatefulRequest()
#17 /var/www/html/ujian-tpd-wildani/vendor/laravel/framework/src/Illuminate/Pipeline/Pipeline.php(219): Illuminate\\Session\\Middleware\\StartSession->handle()
#18 /var/www/html/ujian-tpd-wildani/vendor/laravel/framework/src/Illuminate/Cookie/Middleware/AddQueuedCookiesToResponse.php(36): Illuminate\\Pipeline\\Pipeline->Illuminate\\Pipeline\\{closure}()
#19 /var/www/html/ujian-tpd-wildani/vendor/laravel/framework/src/Illuminate/Pipeline/Pipeline.php(219): Illuminate\\Cookie\\Middleware\\AddQueuedCookiesToResponse->handle()
#20 /var/www/html/ujian-tpd-wildani/vendor/laravel/framework/src/Illuminate/Cookie/Middleware/EncryptCookies.php(74): Illuminate\\Pipeline\\Pipeline->Illuminate\\Pipeline\\{closure}()
#21 /var/www/html/ujian-tpd-wildani/vendor/laravel/framework/src/Illuminate/Pipeline/Pipeline.php(219): Illuminate\\Cookie\\Middleware\\EncryptCookies->handle()
#22 /var/www/html/ujian-tpd-wildani/vendor/laravel/framework/src/Illuminate/Pipeline/Pipeline.php(137): Illuminate\\Pipeline\\Pipeline->Illuminate\\Pipeline\\{closure}()
#23 /var/www/html/ujian-tpd-wildani/vendor/laravel/framework/src/Illuminate/Routing/Router.php(821): Illuminate\\Pipeline\\Pipeline->then()
#24 /var/www/html/ujian-tpd-wildani/vendor/laravel/framework/src/Illuminate/Routing/Router.php(800): Illuminate\\Routing\\Router->runRouteWithinStack()
#25 /var/www/html/ujian-tpd-wildani/vendor/laravel/framework/src/Illuminate/Routing/Router.php(764): Illuminate\\Routing\\Router->runRoute()
#26 /var/www/html/ujian-tpd-wildani/vendor/laravel/framework/src/Illuminate/Routing/Router.php(753): Illuminate\\Routing\\Router->dispatchToRoute()
#27 /var/www/html/ujian-tpd-wildani/vendor/laravel/framework/src/Illuminate/Foundation/Http/Kernel.php(200): Illuminate\\Routing\\Router->dispatch()
#28 /var/www/html/ujian-tpd-wildani/vendor/laravel/framework/src/Illuminate/Pipeline/Pipeline.php(180): Illuminate\\Foundation\\Http\\Kernel->Illuminate\\Foundation\\Http\\{closure}()
#29 /var/www/html/ujian-tpd-wildani/vendor/laravel/framework/src/Illuminate/Foundation/Http/Middleware/TransformsRequest.php(21): Illuminate\\Pipeline\\Pipeline->Illuminate\\Pipeline\\{closure}()
#30 /var/www/html/ujian-tpd-wildani/vendor/laravel/framework/src/Illuminate/Foundation/Http/Middleware/ConvertEmptyStringsToNull.php(31): Illuminate\\Foundation\\Http\\Middleware\\TransformsRequest->handle()
#31 /var/www/html/ujian-tpd-wildani/vendor/laravel/framework/src/Illuminate/Pipeline/Pipeline.php(219): Illuminate\\Foundation\\Http\\Middleware\\ConvertEmptyStringsToNull->handle()
#32 /var/www/html/ujian-tpd-wildani/vendor/laravel/framework/src/Illuminate/Foundation/Http/Middleware/TransformsRequest.php(21): Illuminate\\Pipeline\\Pipeline->Illuminate\\Pipeline\\{closure}()
#33 /var/www/html/ujian-tpd-wildani/vendor/laravel/framework/src/Illuminate/Foundation/Http/Middleware/TrimStrings.php(51): Illuminate\\Foundation\\Http\\Middleware\\TransformsRequest->handle()
#34 /var/www/html/ujian-tpd-wildani/vendor/laravel/framework/src/Illuminate/Pipeline/Pipeline.php(219): Illuminate\\Foundation\\Http\\Middleware\\TrimStrings->handle()
#35 /var/www/html/ujian-tpd-wildani/vendor/laravel/framework/src/Illuminate/Http/Middleware/ValidatePostSize.php(27): Illuminate\\Pipeline\\Pipeline->Illuminate\\Pipeline\\{closure}()
#36 /var/www/html/ujian-tpd-wildani/vendor/laravel/framework/src/Illuminate/Pipeline/Pipeline.php(219): Illuminate\\Http\\Middleware\\ValidatePostSize->handle()
#37 /var/www/html/ujian-tpd-wildani/vendor/laravel/framework/src/Illuminate/Foundation/Http/Middleware/PreventRequestsDuringMaintenance.php(109): Illuminate\\Pipeline\\Pipeline->Illuminate\\Pipeline\\{closure}()
#38 /var/www/html/ujian-tpd-wildani/vendor/laravel/framework/src/Illuminate/Pipeline/Pipeline.php(219): Illuminate\\Foundation\\Http\\Middleware\\PreventRequestsDuringMaintenance->handle()
#39 /var/www/html/ujian-tpd-wildani/vendor/laravel/framework/src/Illuminate/Http/Middleware/HandleCors.php(48): Illuminate\\Pipeline\\Pipeline->Illuminate\\Pipeline\\{closure}()
#40 /var/www/html/ujian-tpd-wildani/vendor/laravel/framework/src/Illuminate/Pipeline/Pipeline.php(219): Illuminate\\Http\\Middleware\\HandleCors->handle()
#41 /var/www/html/ujian-tpd-wildani/vendor/laravel/framework/src/Illuminate/Http/Middleware/TrustProxies.php(58): Illuminate\\Pipeline\\Pipeline->Illuminate\\Pipeline\\{closure}()
#42 /var/www/html/ujian-tpd-wildani/vendor/laravel/framework/src/Illuminate/Pipeline/Pipeline.php(219): Illuminate\\Http\\Middleware\\TrustProxies->handle()
#43 /var/www/html/ujian-tpd-wildani/vendor/laravel/framework/src/Illuminate/Foundation/Http/Middleware/InvokeDeferredCallbacks.php(22): Illuminate\\Pipeline\\Pipeline->Illuminate\\Pipeline\\{closure}()
#44 /var/www/html/ujian-tpd-wildani/vendor/laravel/framework/src/Illuminate/Pipeline/Pipeline.php(219): Illuminate\\Foundation\\Http\\Middleware\\InvokeDeferredCallbacks->handle()
#45 /var/www/html/ujian-tpd-wildani/vendor/laravel/framework/src/Illuminate/Http/Middleware/ValidatePathEncoding.php(26): Illuminate\\Pipeline\\Pipeline->Illuminate\\Pipeline\\{closure}()
#46 /var/www/html/ujian-tpd-wildani/vendor/laravel/framework/src/Illuminate/Pipeline/Pipeline.php(219): Illuminate\\Http\\Middleware\\ValidatePathEncoding->handle()
#47 /var/www/html/ujian-tpd-wildani/vendor/laravel/framework/src/Illuminate/Pipeline/Pipeline.php(137): Illuminate\\Pipeline\\Pipeline->Illuminate\\Pipeline\\{closure}()
#48 /var/www/html/ujian-tpd-wildani/vendor/laravel/framework/src/Illuminate/Foundation/Http/Kernel.php(175): Illuminate\\Pipeline\\Pipeline->then()
#49 /var/www/html/ujian-tpd-wildani/vendor/laravel/framework/src/Illuminate/Foundation/Http/Kernel.php(144): Illuminate\\Foundation\\Http\\Kernel->sendRequestThroughRouter()
#50 /var/www/html/ujian-tpd-wildani/vendor/laravel/framework/src/Illuminate/Foundation/Application.php(1220): Illuminate\\Foundation\\Http\\Kernel->handle()
#51 /var/www/html/ujian-tpd-wildani/public/index.php(20): Illuminate\\Foundation\\Application->handleRequest()
#52 /var/www/html/ujian-tpd-wildani/vendor/laravel/framework/src/Illuminate/Foundation/resources/server.php(23): require_once('...')
#53 {main}
"} 
[2025-09-29 20:05:13] local.ERROR: View [arsip.show] not found. {"exception":"[object] (InvalidArgumentException(code: 0): View [arsip.show] not found. at /var/www/html/ujian-tpd-wildani/vendor/laravel/framework/src/Illuminate/View/FileViewFinder.php:138)
[stacktrace]
#0 /var/www/html/ujian-tpd-wildani/vendor/laravel/framework/src/Illuminate/View/FileViewFinder.php(78): Illuminate\\View\\FileViewFinder->findInPaths()
#1 /var/www/html/ujian-tpd-wildani/vendor/laravel/framework/src/Illuminate/View/Factory.php(150): Illuminate\\View\\FileViewFinder->find()
#2 /var/www/html/ujian-tpd-wildani/vendor/laravel/framework/src/Illuminate/Foundation/helpers.php(1101): Illuminate\\View\\Factory->make()
#3 /var/www/html/ujian-tpd-wildani/app/Http/Controllers/ArsipController.php(85): view()
#4 /var/www/html/ujian-tpd-wildani/vendor/laravel/framework/src/Illuminate/Routing/ControllerDispatcher.php(46): App\\Http\\Controllers\\ArsipController->show()
#5 /var/www/html/ujian-tpd-wildani/vendor/laravel/framework/src/Illuminate/Routing/Route.php(265): Illuminate\\Routing\\ControllerDispatcher->dispatch()
#6 /var/www/html/ujian-tpd-wildani/vendor/laravel/framework/src/Illuminate/Routing/Route.php(211): Illuminate\\Routing\\Route->runController()
#7 /var/www/html/ujian-tpd-wildani/vendor/laravel/framework/src/Illuminate/Routing/Router.php(822): Illuminate\\Routing\\Route->run()
#8 /var/www/html/ujian-tpd-wildani/vendor/laravel/framework/src/Illuminate/Pipeline/Pipeline.php(180): Illuminate\\Routing\\Router->Illuminate\\Routing\\{closure}()
#9 /var/www/html/ujian-tpd-wildani/vendor/laravel/framework/src/Illuminate/Routing/Middleware/SubstituteBindings.php(50): Illuminate\\Pipeline\\Pipeline->Illuminate\\Pipeline\\{closure}()
#10 /var/www/html/ujian-tpd-wildani/vendor/laravel/framework/src/Illuminate/Pipeline/Pipeline.php(219): Illuminate\\Routing\\Middleware\\SubstituteBindings->handle()
#11 /var/www/html/ujian-tpd-wildani/vendor/laravel/framework/src/Illuminate/Foundation/Http/Middleware/VerifyCsrfToken.php(87): Illuminate\\Pipeline\\Pipeline->Illuminate\\Pipeline\\{closure}()
#12 /var/www/html/ujian-tpd-wildani/vendor/laravel/framework/src/Illuminate/Pipeline/Pipeline.php(219): Illuminate\\Foundation\\Http\\Middleware\\VerifyCsrfToken->handle()
#13 /var/www/html/ujian-tpd-wildani/vendor/laravel/framework/src/Illuminate/View/Middleware/ShareErrorsFromSession.php(48): Illuminate\\Pipeline\\Pipeline->Illuminate\\Pipeline\\{closure}()
#14 /var/www/html/ujian-tpd-wildani/vendor/laravel/framework/src/Illuminate/Pipeline/Pipeline.php(219): Illuminate\\View\\Middleware\\ShareErrorsFromSession->handle()
#15 /var/www/html/ujian-tpd-wildani/vendor/laravel/framework/src/Illuminate/Session/Middleware/StartSession.php(120): Illuminate\\Pipeline\\Pipeline->Illuminate\\Pipeline\\{closure}()
#16 /var/www/html/ujian-tpd-wildani/vendor/laravel/framework/src/Illuminate/Session/Middleware/StartSession.php(63): Illuminate\\Session\\Middleware\\StartSession->handleStatefulRequest()
#17 /var/www/html/ujian-tpd-wildani/vendor/laravel/framework/src/Illuminate/Pipeline/Pipeline.php(219): Illuminate\\Session\\Middleware\\StartSession->handle()
#18 /var/www/html/ujian-tpd-wildani/vendor/laravel/framework/src/Illuminate/Cookie/Middleware/AddQueuedCookiesToResponse.php(36): Illuminate\\Pipeline\\Pipeline->Illuminate\\Pipeline\\{closure}()
#19 /var/www/html/ujian-tpd-wildani/vendor/laravel/framework/src/Illuminate/Pipeline/Pipeline.php(219): Illuminate\\Cookie\\Middleware\\AddQueuedCookiesToResponse->handle()
#20 /var/www/html/ujian-tpd-wildani/vendor/laravel/framework/src/Illuminate/Cookie/Middleware/EncryptCookies.php(74): Illuminate\\Pipeline\\Pipeline->Illuminate\\Pipeline\\{closure}()
#21 /var/www/html/ujian-tpd-wildani/vendor/laravel/framework/src/Illuminate/Pipeline/Pipeline.php(219): Illuminate\\Cookie\\Middleware\\EncryptCookies->handle()
#22 /var/www/html/ujian-tpd-wildani/vendor/laravel/framework/src/Illuminate/Pipeline/Pipeline.php(137): Illuminate\\Pipeline\\Pipeline->Illuminate\\Pipeline\\{closure}()
#23 /var/www/html/ujian-tpd-wildani/vendor/laravel/framework/src/Illuminate/Routing/Router.php(821): Illuminate\\Pipeline\\Pipeline->then()
#24 /var/www/html/ujian-tpd-wildani/vendor/laravel/framework/src/Illuminate/Routing/Router.php(800): Illuminate\\Routing\\Router->runRouteWithinStack()
#25 /var/www/html/ujian-tpd-wildani/vendor/laravel/framework/src/Illuminate/Routing/Router.php(764): Illuminate\\Routing\\Router->runRoute()
#26 /var/www/html/ujian-tpd-wildani/vendor/laravel/framework/src/Illuminate/Routing/Router.php(753): Illuminate\\Routing\\Router->dispatchToRoute()
#27 /var/www/html/ujian-tpd-wildani/vendor/laravel/framework/src/Illuminate/Foundation/Http/Kernel.php(200): Illuminate\\Routing\\Router->dispatch()
#28 /var/www/html/ujian-tpd-wildani/vendor/laravel/framework/src/Illuminate/Pipeline/Pipeline.php(180): Illuminate\\Foundation\\Http\\Kernel->Illuminate\\Foundation\\Http\\{closure}()
#29 /var/www/html/ujian-tpd-wildani/vendor/laravel/framework/src/Illuminate/Foundation/Http/Middleware/TransformsRequest.php(21): Illuminate\\Pipeline\\Pipeline->Illuminate\\Pipeline\\{closure}()
#30 /var/www/html/ujian-tpd-wildani/vendor/laravel/framework/src/Illuminate/Foundation/Http/Middleware/ConvertEmptyStringsToNull.php(31): Illuminate\\Foundation\\Http\\Middleware\\TransformsRequest->handle()
#31 /var/www/html/ujian-tpd-wildani/vendor/laravel/framework/src/Illuminate/Pipeline/Pipeline.php(219): Illuminate\\Foundation\\Http\\Middleware\\ConvertEmptyStringsToNull->handle()
#32 /var/www/html/ujian-tpd-wildani/vendor/laravel/framework/src/Illuminate/Foundation/Http/Middleware/TransformsRequest.php(21): Illuminate\\Pipeline\\Pipeline->Illuminate\\Pipeline\\{closure}()
#33 /var/www/html/ujian-tpd-wildani/vendor/laravel/framework/src/Illuminate/Foundation/Http/Middleware/TrimStrings.php(51): Illuminate\\Foundation\\Http\\Middleware\\TransformsRequest->handle()
#34 /var/www/html/ujian-tpd-wildani/vendor/laravel/framework/src/Illuminate/Pipeline/Pipeline.php(219): Illuminate\\Foundation\\Http\\Middleware\\TrimStrings->handle()
#35 /var/www/html/ujian-tpd-wildani/vendor/laravel/framework/src/Illuminate/Http/Middleware/ValidatePostSize.php(27): Illuminate\\Pipeline\\Pipeline->Illuminate\\Pipeline\\{closure}()
#36 /var/www/html/ujian-tpd-wildani/vendor/laravel/framework/src/Illuminate/Pipeline/Pipeline.php(219): Illuminate\\Http\\Middleware\\ValidatePostSize->handle()
#37 /var/www/html/ujian-tpd-wildani/vendor/laravel/framework/src/Illuminate/Foundation/Http/Middleware/PreventRequestsDuringMaintenance.php(109): Illuminate\\Pipeline\\Pipeline->Illuminate\\Pipeline\\{closure}()
#38 /var/www/html/ujian-tpd-wildani/vendor/laravel/framework/src/Illuminate/Pipeline/Pipeline.php(219): Illuminate\\Foundation\\Http\\Middleware\\PreventRequestsDuringMaintenance->handle()
#39 /var/www/html/ujian-tpd-wildani/vendor/laravel/framework/src/Illuminate/Http/Middleware/HandleCors.php(48): Illuminate\\Pipeline\\Pipeline->Illuminate\\Pipeline\\{closure}()
#40 /var/www/html/ujian-tpd-wildani/vendor/laravel/framework/src/Illuminate/Pipeline/Pipeline.php(219): Illuminate\\Http\\Middleware\\HandleCors->handle()
#41 /var/www/html/ujian-tpd-wildani/vendor/laravel/framework/src/Illuminate/Http/Middleware/TrustProxies.php(58): Illuminate\\Pipeline\\Pipeline->Illuminate\\Pipeline\\{closure}()
#42 /var/www/html/ujian-tpd-wildani/vendor/laravel/framework/src/Illuminate/Pipeline/Pipeline.php(219): Illuminate\\Http\\Middleware\\TrustProxies->handle()
#43 /var/www/html/ujian-tpd-wildani/vendor/laravel/framework/src/Illuminate/Foundation/Http/Middleware/InvokeDeferredCallbacks.php(22): Illuminate\\Pipeline\\Pipeline->Illuminate\\Pipeline\\{closure}()
#44 /var/www/html/ujian-tpd-wildani/vendor/laravel/framework/src/Illuminate/Pipeline/Pipeline.php(219): Illuminate\\Foundation\\Http\\Middleware\\InvokeDeferredCallbacks->handle()
#45 /var/www/html/ujian-tpd-wildani/vendor/laravel/framework/src/Illuminate/Http/Middleware/ValidatePathEncoding.php(26): Illuminate\\Pipeline\\Pipeline->Illuminate\\Pipeline\\{closure}()
#46 /var/www/html/ujian-tpd-wildani/vendor/laravel/framework/src/Illuminate/Pipeline/Pipeline.php(219): Illuminate\\Http\\Middleware\\ValidatePathEncoding->handle()
#47 /var/www/html/ujian-tpd-wildani/vendor/laravel/framework/src/Illuminate/Pipeline/Pipeline.php(137): Illuminate\\Pipeline\\Pipeline->Illuminate\\Pipeline\\{closure}()
#48 /var/www/html/ujian-tpd-wildani/vendor/laravel/framework/src/Illuminate/Foundation/Http/Kernel.php(175): Illuminate\\Pipeline\\Pipeline->then()
#49 /var/www/html/ujian-tpd-wildani/vendor/laravel/framework/src/Illuminate/Foundation/Http/Kernel.php(144): Illuminate\\Foundation\\Http\\Kernel->sendRequestThroughRouter()
#50 /var/www/html/ujian-tpd-wildani/vendor/laravel/framework/src/Illuminate/Foundation/Application.php(1220): Illuminate\\Foundation\\Http\\Kernel->handle()
#51 /var/www/html/ujian-tpd-wildani/public/index.php(20): Illuminate\\Foundation\\Application->handleRequest()
#52 /var/www/html/ujian-tpd-wildani/vendor/laravel/framework/src/Illuminate/Foundation/resources/server.php(23): require_once('...')
#53 {main}
"} 
[2025-09-29 20:07:26] local.ERROR: Undefined variable $kategori (View: /var/www/html/ujian-tpd-wildani/resources/views/arsip/show.blade.php) {"exception":"[object] (Illuminate\\View\\ViewException(code: 0): Undefined variable $kategori (View: /var/www/html/ujian-tpd-wildani/resources/views/arsip/show.blade.php) at /var/www/html/ujian-tpd-wildani/storage/framework/views/9c0b8450c1af147801de32c575ba4b46.php:54)
[stacktrace]
#0 /var/www/html/ujian-tpd-wildani/vendor/laravel/framework/src/Illuminate/View/Engines/PhpEngine.php(59): Illuminate\\View\\Engines\\CompilerEngine->handleViewException()
#1 /var/www/html/ujian-tpd-wildani/vendor/laravel/framework/src/Illuminate/View/Engines/CompilerEngine.php(76): Illuminate\\View\\Engines\\PhpEngine->evaluatePath()
#2 /var/www/html/ujian-tpd-wildani/vendor/laravel/framework/src/Illuminate/View/View.php(208): Illuminate\\View\\Engines\\CompilerEngine->get()
#3 /var/www/html/ujian-tpd-wildani/vendor/laravel/framework/src/Illuminate/View/View.php(191): Illuminate\\View\\View->getContents()
#4 /var/www/html/ujian-tpd-wildani/vendor/laravel/framework/src/Illuminate/View/View.php(160): Illuminate\\View\\View->renderContents()
#5 /var/www/html/ujian-tpd-wildani/vendor/laravel/framework/src/Illuminate/Http/Response.php(78): Illuminate\\View\\View->render()
#6 /var/www/html/ujian-tpd-wildani/vendor/laravel/framework/src/Illuminate/Http/Response.php(34): Illuminate\\Http\\Response->setContent()
#7 /var/www/html/ujian-tpd-wildani/vendor/laravel/framework/src/Illuminate/Routing/Router.php(939): Illuminate\\Http\\Response->__construct()
#8 /var/www/html/ujian-tpd-wildani/vendor/laravel/framework/src/Illuminate/Routing/Router.php(906): Illuminate\\Routing\\Router::toResponse()
#9 /var/www/html/ujian-tpd-wildani/vendor/laravel/framework/src/Illuminate/Routing/Router.php(821): Illuminate\\Routing\\Router->prepareResponse()
#10 /var/www/html/ujian-tpd-wildani/vendor/laravel/framework/src/Illuminate/Pipeline/Pipeline.php(180): Illuminate\\Routing\\Router->Illuminate\\Routing\\{closure}()
#11 /var/www/html/ujian-tpd-wildani/vendor/laravel/framework/src/Illuminate/Routing/Middleware/SubstituteBindings.php(50): Illuminate\\Pipeline\\Pipeline->Illuminate\\Pipeline\\{closure}()
#12 /var/www/html/ujian-tpd-wildani/vendor/laravel/framework/src/Illuminate/Pipeline/Pipeline.php(219): Illuminate\\Routing\\Middleware\\SubstituteBindings->handle()
#13 /var/www/html/ujian-tpd-wildani/vendor/laravel/framework/src/Illuminate/Foundation/Http/Middleware/VerifyCsrfToken.php(87): Illuminate\\Pipeline\\Pipeline->Illuminate\\Pipeline\\{closure}()
#14 /var/www/html/ujian-tpd-wildani/vendor/laravel/framework/src/Illuminate/Pipeline/Pipeline.php(219): Illuminate\\Foundation\\Http\\Middleware\\VerifyCsrfToken->handle()
#15 /var/www/html/ujian-tpd-wildani/vendor/laravel/framework/src/Illuminate/View/Middleware/ShareErrorsFromSession.php(48): Illuminate\\Pipeline\\Pipeline->Illuminate\\Pipeline\\{closure}()
#16 /var/www/html/ujian-tpd-wildani/vendor/laravel/framework/src/Illuminate/Pipeline/Pipeline.php(219): Illuminate\\View\\Middleware\\ShareErrorsFromSession->handle()
#17 /var/www/html/ujian-tpd-wildani/vendor/laravel/framework/src/Illuminate/Session/Middleware/StartSession.php(120): Illuminate\\Pipeline\\Pipeline->Illuminate\\Pipeline\\{closure}()
#18 /var/www/html/ujian-tpd-wildani/vendor/laravel/framework/src/Illuminate/Session/Middleware/StartSession.php(63): Illuminate\\Session\\Middleware\\StartSession->handleStatefulRequest()
#19 /var/www/html/ujian-tpd-wildani/vendor/laravel/framework/src/Illuminate/Pipeline/Pipeline.php(219): Illuminate\\Session\\Middleware\\StartSession->handle()
#20 /var/www/html/ujian-tpd-wildani/vendor/laravel/framework/src/Illuminate/Cookie/Middleware/AddQueuedCookiesToResponse.php(36): Illuminate\\Pipeline\\Pipeline->Illuminate\\Pipeline\\{closure}()
#21 /var/www/html/ujian-tpd-wildani/vendor/laravel/framework/src/Illuminate/Pipeline/Pipeline.php(219): Illuminate\\Cookie\\Middleware\\AddQueuedCookiesToResponse->handle()
#22 /var/www/html/ujian-tpd-wildani/vendor/laravel/framework/src/Illuminate/Cookie/Middleware/EncryptCookies.php(74): Illuminate\\Pipeline\\Pipeline->Illuminate\\Pipeline\\{closure}()
#23 /var/www/html/ujian-tpd-wildani/vendor/laravel/framework/src/Illuminate/Pipeline/Pipeline.php(219): Illuminate\\Cookie\\Middleware\\EncryptCookies->handle()
#24 /var/www/html/ujian-tpd-wildani/vendor/laravel/framework/src/Illuminate/Pipeline/Pipeline.php(137): Illuminate\\Pipeline\\Pipeline->Illuminate\\Pipeline\\{closure}()
#25 /var/www/html/ujian-tpd-wildani/vendor/laravel/framework/src/Illuminate/Routing/Router.php(821): Illuminate\\Pipeline\\Pipeline->then()
#26 /var/www/html/ujian-tpd-wildani/vendor/laravel/framework/src/Illuminate/Routing/Router.php(800): Illuminate\\Routing\\Router->runRouteWithinStack()
#27 /var/www/html/ujian-tpd-wildani/vendor/laravel/framework/src/Illuminate/Routing/Router.php(764): Illuminate\\Routing\\Router->runRoute()
#28 /var/www/html/ujian-tpd-wildani/vendor/laravel/framework/src/Illuminate/Routing/Router.php(753): Illuminate\\Routing\\Router->dispatchToRoute()
#29 /var/www/html/ujian-tpd-wildani/vendor/laravel/framework/src/Illuminate/Foundation/Http/Kernel.php(200): Illuminate\\Routing\\Router->dispatch()
#30 /var/www/html/ujian-tpd-wildani/vendor/laravel/framework/src/Illuminate/Pipeline/Pipeline.php(180): Illuminate\\Foundation\\Http\\Kernel->Illuminate\\Foundation\\Http\\{closure}()
#31 /var/www/html/ujian-tpd-wildani/vendor/laravel/framework/src/Illuminate/Foundation/Http/Middleware/TransformsRequest.php(21): Illuminate\\Pipeline\\Pipeline->Illuminate\\Pipeline\\{closure}()
#32 /var/www/html/ujian-tpd-wildani/vendor/laravel/framework/src/Illuminate/Foundation/Http/Middleware/ConvertEmptyStringsToNull.php(31): Illuminate\\Foundation\\Http\\Middleware\\TransformsRequest->handle()
#33 /var/www/html/ujian-tpd-wildani/vendor/laravel/framework/src/Illuminate/Pipeline/Pipeline.php(219): Illuminate\\Foundation\\Http\\Middleware\\ConvertEmptyStringsToNull->handle()
#34 /var/www/html/ujian-tpd-wildani/vendor/laravel/framework/src/Illuminate/Foundation/Http/Middleware/TransformsRequest.php(21): Illuminate\\Pipeline\\Pipeline->Illuminate\\Pipeline\\{closure}()
#35 /var/www/html/ujian-tpd-wildani/vendor/laravel/framework/src/Illuminate/Foundation/Http/Middleware/TrimStrings.php(51): Illuminate\\Foundation\\Http\\Middleware\\TransformsRequest->handle()
#36 /var/www/html/ujian-tpd-wildani/vendor/laravel/framework/src/Illuminate/Pipeline/Pipeline.php(219): Illuminate\\Foundation\\Http\\Middleware\\TrimStrings->handle()
#37 /var/www/html/ujian-tpd-wildani/vendor/laravel/framework/src/Illuminate/Http/Middleware/ValidatePostSize.php(27): Illuminate\\Pipeline\\Pipeline->Illuminate\\Pipeline\\{closure}()
#38 /var/www/html/ujian-tpd-wildani/vendor/laravel/framework/src/Illuminate/Pipeline/Pipeline.php(219): Illuminate\\Http\\Middleware\\ValidatePostSize->handle()
#39 /var/www/html/ujian-tpd-wildani/vendor/laravel/framework/src/Illuminate/Foundation/Http/Middleware/PreventRequestsDuringMaintenance.php(109): Illuminate\\Pipeline\\Pipeline->Illuminate\\Pipeline\\{closure}()
#40 /var/www/html/ujian-tpd-wildani/vendor/laravel/framework/src/Illuminate/Pipeline/Pipeline.php(219): Illuminate\\Foundation\\Http\\Middleware\\PreventRequestsDuringMaintenance->handle()
#41 /var/www/html/ujian-tpd-wildani/vendor/laravel/framework/src/Illuminate/Http/Middleware/HandleCors.php(48): Illuminate\\Pipeline\\Pipeline->Illuminate\\Pipeline\\{closure}()
#42 /var/www/html/ujian-tpd-wildani/vendor/laravel/framework/src/Illuminate/Pipeline/Pipeline.php(219): Illuminate\\Http\\Middleware\\HandleCors->handle()
#43 /var/www/html/ujian-tpd-wildani/vendor/laravel/framework/src/Illuminate/Http/Middleware/TrustProxies.php(58): Illuminate\\Pipeline\\Pipeline->Illuminate\\Pipeline\\{closure}()
#44 /var/www/html/ujian-tpd-wildani/vendor/laravel/framework/src/Illuminate/Pipeline/Pipeline.php(219): Illuminate\\Http\\Middleware\\TrustProxies->handle()
#45 /var/www/html/ujian-tpd-wildani/vendor/laravel/framework/src/Illuminate/Foundation/Http/Middleware/InvokeDeferredCallbacks.php(22): Illuminate\\Pipeline\\Pipeline->Illuminate\\Pipeline\\{closure}()
#46 /var/www/html/ujian-tpd-wildani/vendor/laravel/framework/src/Illuminate/Pipeline/Pipeline.php(219): Illuminate\\Foundation\\Http\\Middleware\\InvokeDeferredCallbacks->handle()
#47 /var/www/html/ujian-tpd-wildani/vendor/laravel/framework/src/Illuminate/Http/Middleware/ValidatePathEncoding.php(26): Illuminate\\Pipeline\\Pipeline->Illuminate\\Pipeline\\{closure}()
#48 /var/www/html/ujian-tpd-wildani/vendor/laravel/framework/src/Illuminate/Pipeline/Pipeline.php(219): Illuminate\\Http\\Middleware\\ValidatePathEncoding->handle()
#49 /var/www/html/ujian-tpd-wildani/vendor/laravel/framework/src/Illuminate/Pipeline/Pipeline.php(137): Illuminate\\Pipeline\\Pipeline->Illuminate\\Pipeline\\{closure}()
#50 /var/www/html/ujian-tpd-wildani/vendor/laravel/framework/src/Illuminate/Foundation/Http/Kernel.php(175): Illuminate\\Pipeline\\Pipeline->then()
#51 /var/www/html/ujian-tpd-wildani/vendor/laravel/framework/src/Illuminate/Foundation/Http/Kernel.php(144): Illuminate\\Foundation\\Http\\Kernel->sendRequestThroughRouter()
#52 /var/www/html/ujian-tpd-wildani/vendor/laravel/framework/src/Illuminate/Foundation/Application.php(1220): Illuminate\\Foundation\\Http\\Kernel->handle()
#53 /var/www/html/ujian-tpd-wildani/public/index.php(20): Illuminate\\Foundation\\Application->handleRequest()
#54 /var/www/html/ujian-tpd-wildani/vendor/laravel/framework/src/Illuminate/Foundation/resources/server.php(23): require_once('...')
#55 {main}

[previous exception] [object] (ErrorException(code: 0): Undefined variable $kategori at /var/www/html/ujian-tpd-wildani/storage/framework/views/9c0b8450c1af147801de32c575ba4b46.php:54)
[stacktrace]
#0 /var/www/html/ujian-tpd-wildani/vendor/laravel/framework/src/Illuminate/Foundation/Bootstrap/HandleExceptions.php(258): Illuminate\\Foundation\\Bootstrap\\HandleExceptions->handleError()
#1 /var/www/html/ujian-tpd-wildani/storage/framework/views/9c0b8450c1af147801de32c575ba4b46.php(54): Illuminate\\Foundation\\Bootstrap\\HandleExceptions->Illuminate\\Foundation\\Bootstrap\\{closure}()
#2 /var/www/html/ujian-tpd-wildani/vendor/laravel/framework/src/Illuminate/Filesystem/Filesystem.php(123): require('...')
#3 /var/www/html/ujian-tpd-wildani/vendor/laravel/framework/src/Illuminate/Filesystem/Filesystem.php(124): Illuminate\\Filesystem\\Filesystem::Illuminate\\Filesystem\\{closure}()
#4 /var/www/html/ujian-tpd-wildani/vendor/laravel/framework/src/Illuminate/View/Engines/PhpEngine.php(57): Illuminate\\Filesystem\\Filesystem->getRequire()
#5 /var/www/html/ujian-tpd-wildani/vendor/laravel/framework/src/Illuminate/View/Engines/CompilerEngine.php(76): Illuminate\\View\\Engines\\PhpEngine->evaluatePath()
#6 /var/www/html/ujian-tpd-wildani/vendor/laravel/framework/src/Illuminate/View/View.php(208): Illuminate\\View\\Engines\\CompilerEngine->get()
#7 /var/www/html/ujian-tpd-wildani/vendor/laravel/framework/src/Illuminate/View/View.php(191): Illuminate\\View\\View->getContents()
#8 /var/www/html/ujian-tpd-wildani/vendor/laravel/framework/src/Illuminate/View/View.php(160): Illuminate\\View\\View->renderContents()
#9 /var/www/html/ujian-tpd-wildani/vendor/laravel/framework/src/Illuminate/Http/Response.php(78): Illuminate\\View\\View->render()
#10 /var/www/html/ujian-tpd-wildani/vendor/laravel/framework/src/Illuminate/Http/Response.php(34): Illuminate\\Http\\Response->setContent()
#11 /var/www/html/ujian-tpd-wildani/vendor/laravel/framework/src/Illuminate/Routing/Router.php(939): Illuminate\\Http\\Response->__construct()
#12 /var/www/html/ujian-tpd-wildani/vendor/laravel/framework/src/Illuminate/Routing/Router.php(906): Illuminate\\Routing\\Router::toResponse()
#13 /var/www/html/ujian-tpd-wildani/vendor/laravel/framework/src/Illuminate/Routing/Router.php(821): Illuminate\\Routing\\Router->prepareResponse()
#14 /var/www/html/ujian-tpd-wildani/vendor/laravel/framework/src/Illuminate/Pipeline/Pipeline.php(180): Illuminate\\Routing\\Router->Illuminate\\Routing\\{closure}()
#15 /var/www/html/ujian-tpd-wildani/vendor/laravel/framework/src/Illuminate/Routing/Middleware/SubstituteBindings.php(50): Illuminate\\Pipeline\\Pipeline->Illuminate\\Pipeline\\{closure}()
#16 /var/www/html/ujian-tpd-wildani/vendor/laravel/framework/src/Illuminate/Pipeline/Pipeline.php(219): Illuminate\\Routing\\Middleware\\SubstituteBindings->handle()
#17 /var/www/html/ujian-tpd-wildani/vendor/laravel/framework/src/Illuminate/Foundation/Http/Middleware/VerifyCsrfToken.php(87): Illuminate\\Pipeline\\Pipeline->Illuminate\\Pipeline\\{closure}()
#18 /var/www/html/ujian-tpd-wildani/vendor/laravel/framework/src/Illuminate/Pipeline/Pipeline.php(219): Illuminate\\Foundation\\Http\\Middleware\\VerifyCsrfToken->handle()
#19 /var/www/html/ujian-tpd-wildani/vendor/laravel/framework/src/Illuminate/View/Middleware/ShareErrorsFromSession.php(48): Illuminate\\Pipeline\\Pipeline->Illuminate\\Pipeline\\{closure}()
#20 /var/www/html/ujian-tpd-wildani/vendor/laravel/framework/src/Illuminate/Pipeline/Pipeline.php(219): Illuminate\\View\\Middleware\\ShareErrorsFromSession->handle()
#21 /var/www/html/ujian-tpd-wildani/vendor/laravel/framework/src/Illuminate/Session/Middleware/StartSession.php(120): Illuminate\\Pipeline\\Pipeline->Illuminate\\Pipeline\\{closure}()
#22 /var/www/html/ujian-tpd-wildani/vendor/laravel/framework/src/Illuminate/Session/Middleware/StartSession.php(63): Illuminate\\Session\\Middleware\\StartSession->handleStatefulRequest()
#23 /var/www/html/ujian-tpd-wildani/vendor/laravel/framework/src/Illuminate/Pipeline/Pipeline.php(219): Illuminate\\Session\\Middleware\\StartSession->handle()
#24 /var/www/html/ujian-tpd-wildani/vendor/laravel/framework/src/Illuminate/Cookie/Middleware/AddQueuedCookiesToResponse.php(36): Illuminate\\Pipeline\\Pipeline->Illuminate\\Pipeline\\{closure}()
#25 /var/www/html/ujian-tpd-wildani/vendor/laravel/framework/src/Illuminate/Pipeline/Pipeline.php(219): Illuminate\\Cookie\\Middleware\\AddQueuedCookiesToResponse->handle()
#26 /var/www/html/ujian-tpd-wildani/vendor/laravel/framework/src/Illuminate/Cookie/Middleware/EncryptCookies.php(74): Illuminate\\Pipeline\\Pipeline->Illuminate\\Pipeline\\{closure}()
#27 /var/www/html/ujian-tpd-wildani/vendor/laravel/framework/src/Illuminate/Pipeline/Pipeline.php(219): Illuminate\\Cookie\\Middleware\\EncryptCookies->handle()
#28 /var/www/html/ujian-tpd-wildani/vendor/laravel/framework/src/Illuminate/Pipeline/Pipeline.php(137): Illuminate\\Pipeline\\Pipeline->Illuminate\\Pipeline\\{closure}()
#29 /var/www/html/ujian-tpd-wildani/vendor/laravel/framework/src/Illuminate/Routing/Router.php(821): Illuminate\\Pipeline\\Pipeline->then()
#30 /var/www/html/ujian-tpd-wildani/vendor/laravel/framework/src/Illuminate/Routing/Router.php(800): Illuminate\\Routing\\Router->runRouteWithinStack()
#31 /var/www/html/ujian-tpd-wildani/vendor/laravel/framework/src/Illuminate/Routing/Router.php(764): Illuminate\\Routing\\Router->runRoute()
#32 /var/www/html/ujian-tpd-wildani/vendor/laravel/framework/src/Illuminate/Routing/Router.php(753): Illuminate\\Routing\\Router->dispatchToRoute()
#33 /var/www/html/ujian-tpd-wildani/vendor/laravel/framework/src/Illuminate/Foundation/Http/Kernel.php(200): Illuminate\\Routing\\Router->dispatch()
#34 /var/www/html/ujian-tpd-wildani/vendor/laravel/framework/src/Illuminate/Pipeline/Pipeline.php(180): Illuminate\\Foundation\\Http\\Kernel->Illuminate\\Foundation\\Http\\{closure}()
#35 /var/www/html/ujian-tpd-wildani/vendor/laravel/framework/src/Illuminate/Foundation/Http/Middleware/TransformsRequest.php(21): Illuminate\\Pipeline\\Pipeline->Illuminate\\Pipeline\\{closure}()
#36 /var/www/html/ujian-tpd-wildani/vendor/laravel/framework/src/Illuminate/Foundation/Http/Middleware/ConvertEmptyStringsToNull.php(31): Illuminate\\Foundation\\Http\\Middleware\\TransformsRequest->handle()
#37 /var/www/html/ujian-tpd-wildani/vendor/laravel/framework/src/Illuminate/Pipeline/Pipeline.php(219): Illuminate\\Foundation\\Http\\Middleware\\ConvertEmptyStringsToNull->handle()
#38 /var/www/html/ujian-tpd-wildani/vendor/laravel/framework/src/Illuminate/Foundation/Http/Middleware/TransformsRequest.php(21): Illuminate\\Pipeline\\Pipeline->Illuminate\\Pipeline\\{closure}()
#39 /var/www/html/ujian-tpd-wildani/vendor/laravel/framework/src/Illuminate/Foundation/Http/Middleware/TrimStrings.php(51): Illuminate\\Foundation\\Http\\Middleware\\TransformsRequest->handle()
#40 /var/www/html/ujian-tpd-wildani/vendor/laravel/framework/src/Illuminate/Pipeline/Pipeline.php(219): Illuminate\\Foundation\\Http\\Middleware\\TrimStrings->handle()
#41 /var/www/html/ujian-tpd-wildani/vendor/laravel/framework/src/Illuminate/Http/Middleware/ValidatePostSize.php(27): Illuminate\\Pipeline\\Pipeline->Illuminate\\Pipeline\\{closure}()
#42 /var/www/html/ujian-tpd-wildani/vendor/laravel/framework/src/Illuminate/Pipeline/Pipeline.php(219): Illuminate\\Http\\Middleware\\ValidatePostSize->handle()
#43 /var/www/html/ujian-tpd-wildani/vendor/laravel/framework/src/Illuminate/Foundation/Http/Middleware/PreventRequestsDuringMaintenance.php(109): Illuminate\\Pipeline\\Pipeline->Illuminate\\Pipeline\\{closure}()
#44 /var/www/html/ujian-tpd-wildani/vendor/laravel/framework/src/Illuminate/Pipeline/Pipeline.php(219): Illuminate\\Foundation\\Http\\Middleware\\PreventRequestsDuringMaintenance->handle()
#45 /var/www/html/ujian-tpd-wildani/vendor/laravel/framework/src/Illuminate/Http/Middleware/HandleCors.php(48): Illuminate\\Pipeline\\Pipeline->Illuminate\\Pipeline\\{closure}()
#46 /var/www/html/ujian-tpd-wildani/vendor/laravel/framework/src/Illuminate/Pipeline/Pipeline.php(219): Illuminate\\Http\\Middleware\\HandleCors->handle()
#47 /var/www/html/ujian-tpd-wildani/vendor/laravel/framework/src/Illuminate/Http/Middleware/TrustProxies.php(58): Illuminate\\Pipeline\\Pipeline->Illuminate\\Pipeline\\{closure}()
#48 /var/www/html/ujian-tpd-wildani/vendor/laravel/framework/src/Illuminate/Pipeline/Pipeline.php(219): Illuminate\\Http\\Middleware\\TrustProxies->handle()
#49 /var/www/html/ujian-tpd-wildani/vendor/laravel/framework/src/Illuminate/Foundation/Http/Middleware/InvokeDeferredCallbacks.php(22): Illuminate\\Pipeline\\Pipeline->Illuminate\\Pipeline\\{closure}()
#50 /var/www/html/ujian-tpd-wildani/vendor/laravel/framework/src/Illuminate/Pipeline/Pipeline.php(219): Illuminate\\Foundation\\Http\\Middleware\\InvokeDeferredCallbacks->handle()
#51 /var/www/html/ujian-tpd-wildani/vendor/laravel/framework/src/Illuminate/Http/Middleware/ValidatePathEncoding.php(26): Illuminate\\Pipeline\\Pipeline->Illuminate\\Pipeline\\{closure}()
#52 /var/www/html/ujian-tpd-wildani/vendor/laravel/framework/src/Illuminate/Pipeline/Pipeline.php(219): Illuminate\\Http\\Middleware\\ValidatePathEncoding->handle()
#53 /var/www/html/ujian-tpd-wildani/vendor/laravel/framework/src/Illuminate/Pipeline/Pipeline.php(137): Illuminate\\Pipeline\\Pipeline->Illuminate\\Pipeline\\{closure}()
#54 /var/www/html/ujian-tpd-wildani/vendor/laravel/framework/src/Illuminate/Foundation/Http/Kernel.php(175): Illuminate\\Pipeline\\Pipeline->then()
#55 /var/www/html/ujian-tpd-wildani/vendor/laravel/framework/src/Illuminate/Foundation/Http/Kernel.php(144): Illuminate\\Foundation\\Http\\Kernel->sendRequestThroughRouter()
#56 /var/www/html/ujian-tpd-wildani/vendor/laravel/framework/src/Illuminate/Foundation/Application.php(1220): Illuminate\\Foundation\\Http\\Kernel->handle()
#57 /var/www/html/ujian-tpd-wildani/public/index.php(20): Illuminate\\Foundation\\Application->handleRequest()
#58 /var/www/html/ujian-tpd-wildani/vendor/laravel/framework/src/Illuminate/Foundation/resources/server.php(23): require_once('...')
#59 {main}
"} 
[2025-09-29 20:20:17] local.ERROR: Missing required parameter for [Route: arsip.edit] [URI: arsip/{arsip}/edit] [Missing parameter: arsip]. (View: /var/www/html/ujian-tpd-wildani/resources/views/arsip/show.blade.php) {"exception":"[object] (Illuminate\\View\\ViewException(code: 0): Missing required parameter for [Route: arsip.edit] [URI: arsip/{arsip}/edit] [Missing parameter: arsip]. (View: /var/www/html/ujian-tpd-wildani/resources/views/arsip/show.blade.php) at /var/www/html/ujian-tpd-wildani/vendor/laravel/framework/src/Illuminate/Routing/Exceptions/UrlGenerationException.php:35)
[stacktrace]
#0 /var/www/html/ujian-tpd-wildani/vendor/laravel/framework/src/Illuminate/View/Engines/PhpEngine.php(59): Illuminate\\View\\Engines\\CompilerEngine->handleViewException()
#1 /var/www/html/ujian-tpd-wildani/vendor/laravel/framework/src/Illuminate/View/Engines/CompilerEngine.php(76): Illuminate\\View\\Engines\\PhpEngine->evaluatePath()
#2 /var/www/html/ujian-tpd-wildani/vendor/laravel/framework/src/Illuminate/View/View.php(208): Illuminate\\View\\Engines\\CompilerEngine->get()
#3 /var/www/html/ujian-tpd-wildani/vendor/laravel/framework/src/Illuminate/View/View.php(191): Illuminate\\View\\View->getContents()
#4 /var/www/html/ujian-tpd-wildani/vendor/laravel/framework/src/Illuminate/View/View.php(160): Illuminate\\View\\View->renderContents()
#5 /var/www/html/ujian-tpd-wildani/vendor/laravel/framework/src/Illuminate/Http/Response.php(78): Illuminate\\View\\View->render()
#6 /var/www/html/ujian-tpd-wildani/vendor/laravel/framework/src/Illuminate/Http/Response.php(34): Illuminate\\Http\\Response->setContent()
#7 /var/www/html/ujian-tpd-wildani/vendor/laravel/framework/src/Illuminate/Routing/Router.php(939): Illuminate\\Http\\Response->__construct()
#8 /var/www/html/ujian-tpd-wildani/vendor/laravel/framework/src/Illuminate/Routing/Router.php(906): Illuminate\\Routing\\Router::toResponse()
#9 /var/www/html/ujian-tpd-wildani/vendor/laravel/framework/src/Illuminate/Routing/Router.php(821): Illuminate\\Routing\\Router->prepareResponse()
#10 /var/www/html/ujian-tpd-wildani/vendor/laravel/framework/src/Illuminate/Pipeline/Pipeline.php(180): Illuminate\\Routing\\Router->Illuminate\\Routing\\{closure}()
#11 /var/www/html/ujian-tpd-wildani/vendor/laravel/framework/src/Illuminate/Routing/Middleware/SubstituteBindings.php(50): Illuminate\\Pipeline\\Pipeline->Illuminate\\Pipeline\\{closure}()
#12 /var/www/html/ujian-tpd-wildani/vendor/laravel/framework/src/Illuminate/Pipeline/Pipeline.php(219): Illuminate\\Routing\\Middleware\\SubstituteBindings->handle()
#13 /var/www/html/ujian-tpd-wildani/vendor/laravel/framework/src/Illuminate/Foundation/Http/Middleware/VerifyCsrfToken.php(87): Illuminate\\Pipeline\\Pipeline->Illuminate\\Pipeline\\{closure}()
#14 /var/www/html/ujian-tpd-wildani/vendor/laravel/framework/src/Illuminate/Pipeline/Pipeline.php(219): Illuminate\\Foundation\\Http\\Middleware\\VerifyCsrfToken->handle()
#15 /var/www/html/ujian-tpd-wildani/vendor/laravel/framework/src/Illuminate/View/Middleware/ShareErrorsFromSession.php(48): Illuminate\\Pipeline\\Pipeline->Illuminate\\Pipeline\\{closure}()
#16 /var/www/html/ujian-tpd-wildani/vendor/laravel/framework/src/Illuminate/Pipeline/Pipeline.php(219): Illuminate\\View\\Middleware\\ShareErrorsFromSession->handle()
#17 /var/www/html/ujian-tpd-wildani/vendor/laravel/framework/src/Illuminate/Session/Middleware/StartSession.php(120): Illuminate\\Pipeline\\Pipeline->Illuminate\\Pipeline\\{closure}()
#18 /var/www/html/ujian-tpd-wildani/vendor/laravel/framework/src/Illuminate/Session/Middleware/StartSession.php(63): Illuminate\\Session\\Middleware\\StartSession->handleStatefulRequest()
#19 /var/www/html/ujian-tpd-wildani/vendor/laravel/framework/src/Illuminate/Pipeline/Pipeline.php(219): Illuminate\\Session\\Middleware\\StartSession->handle()
#20 /var/www/html/ujian-tpd-wildani/vendor/laravel/framework/src/Illuminate/Cookie/Middleware/AddQueuedCookiesToResponse.php(36): Illuminate\\Pipeline\\Pipeline->Illuminate\\Pipeline\\{closure}()
#21 /var/www/html/ujian-tpd-wildani/vendor/laravel/framework/src/Illuminate/Pipeline/Pipeline.php(219): Illuminate\\Cookie\\Middleware\\AddQueuedCookiesToResponse->handle()
#22 /var/www/html/ujian-tpd-wildani/vendor/laravel/framework/src/Illuminate/Cookie/Middleware/EncryptCookies.php(74): Illuminate\\Pipeline\\Pipeline->Illuminate\\Pipeline\\{closure}()
#23 /var/www/html/ujian-tpd-wildani/vendor/laravel/framework/src/Illuminate/Pipeline/Pipeline.php(219): Illuminate\\Cookie\\Middleware\\EncryptCookies->handle()
#24 /var/www/html/ujian-tpd-wildani/vendor/laravel/framework/src/Illuminate/Pipeline/Pipeline.php(137): Illuminate\\Pipeline\\Pipeline->Illuminate\\Pipeline\\{closure}()
#25 /var/www/html/ujian-tpd-wildani/vendor/laravel/framework/src/Illuminate/Routing/Router.php(821): Illuminate\\Pipeline\\Pipeline->then()
#26 /var/www/html/ujian-tpd-wildani/vendor/laravel/framework/src/Illuminate/Routing/Router.php(800): Illuminate\\Routing\\Router->runRouteWithinStack()
#27 /var/www/html/ujian-tpd-wildani/vendor/laravel/framework/src/Illuminate/Routing/Router.php(764): Illuminate\\Routing\\Router->runRoute()
#28 /var/www/html/ujian-tpd-wildani/vendor/laravel/framework/src/Illuminate/Routing/Router.php(753): Illuminate\\Routing\\Router->dispatchToRoute()
#29 /var/www/html/ujian-tpd-wildani/vendor/laravel/framework/src/Illuminate/Foundation/Http/Kernel.php(200): Illuminate\\Routing\\Router->dispatch()
#30 /var/www/html/ujian-tpd-wildani/vendor/laravel/framework/src/Illuminate/Pipeline/Pipeline.php(180): Illuminate\\Foundation\\Http\\Kernel->Illuminate\\Foundation\\Http\\{closure}()
#31 /var/www/html/ujian-tpd-wildani/vendor/laravel/framework/src/Illuminate/Foundation/Http/Middleware/TransformsRequest.php(21): Illuminate\\Pipeline\\Pipeline->Illuminate\\Pipeline\\{closure}()
#32 /var/www/html/ujian-tpd-wildani/vendor/laravel/framework/src/Illuminate/Foundation/Http/Middleware/ConvertEmptyStringsToNull.php(31): Illuminate\\Foundation\\Http\\Middleware\\TransformsRequest->handle()
#33 /var/www/html/ujian-tpd-wildani/vendor/laravel/framework/src/Illuminate/Pipeline/Pipeline.php(219): Illuminate\\Foundation\\Http\\Middleware\\ConvertEmptyStringsToNull->handle()
#34 /var/www/html/ujian-tpd-wildani/vendor/laravel/framework/src/Illuminate/Foundation/Http/Middleware/TransformsRequest.php(21): Illuminate\\Pipeline\\Pipeline->Illuminate\\Pipeline\\{closure}()
#35 /var/www/html/ujian-tpd-wildani/vendor/laravel/framework/src/Illuminate/Foundation/Http/Middleware/TrimStrings.php(51): Illuminate\\Foundation\\Http\\Middleware\\TransformsRequest->handle()
#36 /var/www/html/ujian-tpd-wildani/vendor/laravel/framework/src/Illuminate/Pipeline/Pipeline.php(219): Illuminate\\Foundation\\Http\\Middleware\\TrimStrings->handle()
#37 /var/www/html/ujian-tpd-wildani/vendor/laravel/framework/src/Illuminate/Http/Middleware/ValidatePostSize.php(27): Illuminate\\Pipeline\\Pipeline->Illuminate\\Pipeline\\{closure}()
#38 /var/www/html/ujian-tpd-wildani/vendor/laravel/framework/src/Illuminate/Pipeline/Pipeline.php(219): Illuminate\\Http\\Middleware\\ValidatePostSize->handle()
#39 /var/www/html/ujian-tpd-wildani/vendor/laravel/framework/src/Illuminate/Foundation/Http/Middleware/PreventRequestsDuringMaintenance.php(109): Illuminate\\Pipeline\\Pipeline->Illuminate\\Pipeline\\{closure}()
#40 /var/www/html/ujian-tpd-wildani/vendor/laravel/framework/src/Illuminate/Pipeline/Pipeline.php(219): Illuminate\\Foundation\\Http\\Middleware\\PreventRequestsDuringMaintenance->handle()
#41 /var/www/html/ujian-tpd-wildani/vendor/laravel/framework/src/Illuminate/Http/Middleware/HandleCors.php(48): Illuminate\\Pipeline\\Pipeline->Illuminate\\Pipeline\\{closure}()
#42 /var/www/html/ujian-tpd-wildani/vendor/laravel/framework/src/Illuminate/Pipeline/Pipeline.php(219): Illuminate\\Http\\Middleware\\HandleCors->handle()
#43 /var/www/html/ujian-tpd-wildani/vendor/laravel/framework/src/Illuminate/Http/Middleware/TrustProxies.php(58): Illuminate\\Pipeline\\Pipeline->Illuminate\\Pipeline\\{closure}()
#44 /var/www/html/ujian-tpd-wildani/vendor/laravel/framework/src/Illuminate/Pipeline/Pipeline.php(219): Illuminate\\Http\\Middleware\\TrustProxies->handle()
#45 /var/www/html/ujian-tpd-wildani/vendor/laravel/framework/src/Illuminate/Foundation/Http/Middleware/InvokeDeferredCallbacks.php(22): Illuminate\\Pipeline\\Pipeline->Illuminate\\Pipeline\\{closure}()
#46 /var/www/html/ujian-tpd-wildani/vendor/laravel/framework/src/Illuminate/Pipeline/Pipeline.php(219): Illuminate\\Foundation\\Http\\Middleware\\InvokeDeferredCallbacks->handle()
#47 /var/www/html/ujian-tpd-wildani/vendor/laravel/framework/src/Illuminate/Http/Middleware/ValidatePathEncoding.php(26): Illuminate\\Pipeline\\Pipeline->Illuminate\\Pipeline\\{closure}()
#48 /var/www/html/ujian-tpd-wildani/vendor/laravel/framework/src/Illuminate/Pipeline/Pipeline.php(219): Illuminate\\Http\\Middleware\\ValidatePathEncoding->handle()
#49 /var/www/html/ujian-tpd-wildani/vendor/laravel/framework/src/Illuminate/Pipeline/Pipeline.php(137): Illuminate\\Pipeline\\Pipeline->Illuminate\\Pipeline\\{closure}()
#50 /var/www/html/ujian-tpd-wildani/vendor/laravel/framework/src/Illuminate/Foundation/Http/Kernel.php(175): Illuminate\\Pipeline\\Pipeline->then()
#51 /var/www/html/ujian-tpd-wildani/vendor/laravel/framework/src/Illuminate/Foundation/Http/Kernel.php(144): Illuminate\\Foundation\\Http\\Kernel->sendRequestThroughRouter()
#52 /var/www/html/ujian-tpd-wildani/vendor/laravel/framework/src/Illuminate/Foundation/Application.php(1220): Illuminate\\Foundation\\Http\\Kernel->handle()
#53 /var/www/html/ujian-tpd-wildani/public/index.php(20): Illuminate\\Foundation\\Application->handleRequest()
#54 /var/www/html/ujian-tpd-wildani/vendor/laravel/framework/src/Illuminate/Foundation/resources/server.php(23): require_once('...')
#55 {main}

[previous exception] [object] (Illuminate\\Routing\\Exceptions\\UrlGenerationException(code: 0): Missing required parameter for [Route: arsip.edit] [URI: arsip/{arsip}/edit] [Missing parameter: arsip]. at /var/www/html/ujian-tpd-wildani/vendor/laravel/framework/src/Illuminate/Routing/Exceptions/UrlGenerationException.php:35)
[stacktrace]
#0 /var/www/html/ujian-tpd-wildani/vendor/laravel/framework/src/Illuminate/Routing/RouteUrlGenerator.php(94): Illuminate\\Routing\\Exceptions\\UrlGenerationException::forMissingParameters()
#1 /var/www/html/ujian-tpd-wildani/vendor/laravel/framework/src/Illuminate/Routing/UrlGenerator.php(541): Illuminate\\Routing\\RouteUrlGenerator->to()
#2 /var/www/html/ujian-tpd-wildani/vendor/laravel/framework/src/Illuminate/Routing/UrlGenerator.php(518): Illuminate\\Routing\\UrlGenerator->toRoute()
#3 /var/www/html/ujian-tpd-wildani/vendor/laravel/framework/src/Illuminate/Foundation/helpers.php(871): Illuminate\\Routing\\UrlGenerator->route()
#4 /var/www/html/ujian-tpd-wildani/storage/framework/views/9c0b8450c1af147801de32c575ba4b46.php(64): route()
#5 /var/www/html/ujian-tpd-wildani/vendor/laravel/framework/src/Illuminate/Filesystem/Filesystem.php(123): require('...')
#6 /var/www/html/ujian-tpd-wildani/vendor/laravel/framework/src/Illuminate/Filesystem/Filesystem.php(124): Illuminate\\Filesystem\\Filesystem::Illuminate\\Filesystem\\{closure}()
#7 /var/www/html/ujian-tpd-wildani/vendor/laravel/framework/src/Illuminate/View/Engines/PhpEngine.php(57): Illuminate\\Filesystem\\Filesystem->getRequire()
#8 /var/www/html/ujian-tpd-wildani/vendor/laravel/framework/src/Illuminate/View/Engines/CompilerEngine.php(76): Illuminate\\View\\Engines\\PhpEngine->evaluatePath()
#9 /var/www/html/ujian-tpd-wildani/vendor/laravel/framework/src/Illuminate/View/View.php(208): Illuminate\\View\\Engines\\CompilerEngine->get()
#10 /var/www/html/ujian-tpd-wildani/vendor/laravel/framework/src/Illuminate/View/View.php(191): Illuminate\\View\\View->getContents()
#11 /var/www/html/ujian-tpd-wildani/vendor/laravel/framework/src/Illuminate/View/View.php(160): Illuminate\\View\\View->renderContents()
#12 /var/www/html/ujian-tpd-wildani/vendor/laravel/framework/src/Illuminate/Http/Response.php(78): Illuminate\\View\\View->render()
#13 /var/www/html/ujian-tpd-wildani/vendor/laravel/framework/src/Illuminate/Http/Response.php(34): Illuminate\\Http\\Response->setContent()
#14 /var/www/html/ujian-tpd-wildani/vendor/laravel/framework/src/Illuminate/Routing/Router.php(939): Illuminate\\Http\\Response->__construct()
#15 /var/www/html/ujian-tpd-wildani/vendor/laravel/framework/src/Illuminate/Routing/Router.php(906): Illuminate\\Routing\\Router::toResponse()
#16 /var/www/html/ujian-tpd-wildani/vendor/laravel/framework/src/Illuminate/Routing/Router.php(821): Illuminate\\Routing\\Router->prepareResponse()
#17 /var/www/html/ujian-tpd-wildani/vendor/laravel/framework/src/Illuminate/Pipeline/Pipeline.php(180): Illuminate\\Routing\\Router->Illuminate\\Routing\\{closure}()
#18 /var/www/html/ujian-tpd-wildani/vendor/laravel/framework/src/Illuminate/Routing/Middleware/SubstituteBindings.php(50): Illuminate\\Pipeline\\Pipeline->Illuminate\\Pipeline\\{closure}()
#19 /var/www/html/ujian-tpd-wildani/vendor/laravel/framework/src/Illuminate/Pipeline/Pipeline.php(219): Illuminate\\Routing\\Middleware\\SubstituteBindings->handle()
#20 /var/www/html/ujian-tpd-wildani/vendor/laravel/framework/src/Illuminate/Foundation/Http/Middleware/VerifyCsrfToken.php(87): Illuminate\\Pipeline\\Pipeline->Illuminate\\Pipeline\\{closure}()
#21 /var/www/html/ujian-tpd-wildani/vendor/laravel/framework/src/Illuminate/Pipeline/Pipeline.php(219): Illuminate\\Foundation\\Http\\Middleware\\VerifyCsrfToken->handle()
#22 /var/www/html/ujian-tpd-wildani/vendor/laravel/framework/src/Illuminate/View/Middleware/ShareErrorsFromSession.php(48): Illuminate\\Pipeline\\Pipeline->Illuminate\\Pipeline\\{closure}()
#23 /var/www/html/ujian-tpd-wildani/vendor/laravel/framework/src/Illuminate/Pipeline/Pipeline.php(219): Illuminate\\View\\Middleware\\ShareErrorsFromSession->handle()
#24 /var/www/html/ujian-tpd-wildani/vendor/laravel/framework/src/Illuminate/Session/Middleware/StartSession.php(120): Illuminate\\Pipeline\\Pipeline->Illuminate\\Pipeline\\{closure}()
#25 /var/www/html/ujian-tpd-wildani/vendor/laravel/framework/src/Illuminate/Session/Middleware/StartSession.php(63): Illuminate\\Session\\Middleware\\StartSession->handleStatefulRequest()
#26 /var/www/html/ujian-tpd-wildani/vendor/laravel/framework/src/Illuminate/Pipeline/Pipeline.php(219): Illuminate\\Session\\Middleware\\StartSession->handle()
#27 /var/www/html/ujian-tpd-wildani/vendor/laravel/framework/src/Illuminate/Cookie/Middleware/AddQueuedCookiesToResponse.php(36): Illuminate\\Pipeline\\Pipeline->Illuminate\\Pipeline\\{closure}()
#28 /var/www/html/ujian-tpd-wildani/vendor/laravel/framework/src/Illuminate/Pipeline/Pipeline.php(219): Illuminate\\Cookie\\Middleware\\AddQueuedCookiesToResponse->handle()
#29 /var/www/html/ujian-tpd-wildani/vendor/laravel/framework/src/Illuminate/Cookie/Middleware/EncryptCookies.php(74): Illuminate\\Pipeline\\Pipeline->Illuminate\\Pipeline\\{closure}()
#30 /var/www/html/ujian-tpd-wildani/vendor/laravel/framework/src/Illuminate/Pipeline/Pipeline.php(219): Illuminate\\Cookie\\Middleware\\EncryptCookies->handle()
#31 /var/www/html/ujian-tpd-wildani/vendor/laravel/framework/src/Illuminate/Pipeline/Pipeline.php(137): Illuminate\\Pipeline\\Pipeline->Illuminate\\Pipeline\\{closure}()
#32 /var/www/html/ujian-tpd-wildani/vendor/laravel/framework/src/Illuminate/Routing/Router.php(821): Illuminate\\Pipeline\\Pipeline->then()
#33 /var/www/html/ujian-tpd-wildani/vendor/laravel/framework/src/Illuminate/Routing/Router.php(800): Illuminate\\Routing\\Router->runRouteWithinStack()
#34 /var/www/html/ujian-tpd-wildani/vendor/laravel/framework/src/Illuminate/Routing/Router.php(764): Illuminate\\Routing\\Router->runRoute()
#35 /var/www/html/ujian-tpd-wildani/vendor/laravel/framework/src/Illuminate/Routing/Router.php(753): Illuminate\\Routing\\Router->dispatchToRoute()
#36 /var/www/html/ujian-tpd-wildani/vendor/laravel/framework/src/Illuminate/Foundation/Http/Kernel.php(200): Illuminate\\Routing\\Router->dispatch()
#37 /var/www/html/ujian-tpd-wildani/vendor/laravel/framework/src/Illuminate/Pipeline/Pipeline.php(180): Illuminate\\Foundation\\Http\\Kernel->Illuminate\\Foundation\\Http\\{closure}()
#38 /var/www/html/ujian-tpd-wildani/vendor/laravel/framework/src/Illuminate/Foundation/Http/Middleware/TransformsRequest.php(21): Illuminate\\Pipeline\\Pipeline->Illuminate\\Pipeline\\{closure}()
#39 /var/www/html/ujian-tpd-wildani/vendor/laravel/framework/src/Illuminate/Foundation/Http/Middleware/ConvertEmptyStringsToNull.php(31): Illuminate\\Foundation\\Http\\Middleware\\TransformsRequest->handle()
#40 /var/www/html/ujian-tpd-wildani/vendor/laravel/framework/src/Illuminate/Pipeline/Pipeline.php(219): Illuminate\\Foundation\\Http\\Middleware\\ConvertEmptyStringsToNull->handle()
#41 /var/www/html/ujian-tpd-wildani/vendor/laravel/framework/src/Illuminate/Foundation/Http/Middleware/TransformsRequest.php(21): Illuminate\\Pipeline\\Pipeline->Illuminate\\Pipeline\\{closure}()
#42 /var/www/html/ujian-tpd-wildani/vendor/laravel/framework/src/Illuminate/Foundation/Http/Middleware/TrimStrings.php(51): Illuminate\\Foundation\\Http\\Middleware\\TransformsRequest->handle()
#43 /var/www/html/ujian-tpd-wildani/vendor/laravel/framework/src/Illuminate/Pipeline/Pipeline.php(219): Illuminate\\Foundation\\Http\\Middleware\\TrimStrings->handle()
#44 /var/www/html/ujian-tpd-wildani/vendor/laravel/framework/src/Illuminate/Http/Middleware/ValidatePostSize.php(27): Illuminate\\Pipeline\\Pipeline->Illuminate\\Pipeline\\{closure}()
#45 /var/www/html/ujian-tpd-wildani/vendor/laravel/framework/src/Illuminate/Pipeline/Pipeline.php(219): Illuminate\\Http\\Middleware\\ValidatePostSize->handle()
#46 /var/www/html/ujian-tpd-wildani/vendor/laravel/framework/src/Illuminate/Foundation/Http/Middleware/PreventRequestsDuringMaintenance.php(109): Illuminate\\Pipeline\\Pipeline->Illuminate\\Pipeline\\{closure}()
#47 /var/www/html/ujian-tpd-wildani/vendor/laravel/framework/src/Illuminate/Pipeline/Pipeline.php(219): Illuminate\\Foundation\\Http\\Middleware\\PreventRequestsDuringMaintenance->handle()
#48 /var/www/html/ujian-tpd-wildani/vendor/laravel/framework/src/Illuminate/Http/Middleware/HandleCors.php(48): Illuminate\\Pipeline\\Pipeline->Illuminate\\Pipeline\\{closure}()
#49 /var/www/html/ujian-tpd-wildani/vendor/laravel/framework/src/Illuminate/Pipeline/Pipeline.php(219): Illuminate\\Http\\Middleware\\HandleCors->handle()
#50 /var/www/html/ujian-tpd-wildani/vendor/laravel/framework/src/Illuminate/Http/Middleware/TrustProxies.php(58): Illuminate\\Pipeline\\Pipeline->Illuminate\\Pipeline\\{closure}()
#51 /var/www/html/ujian-tpd-wildani/vendor/laravel/framework/src/Illuminate/Pipeline/Pipeline.php(219): Illuminate\\Http\\Middleware\\TrustProxies->handle()
#52 /var/www/html/ujian-tpd-wildani/vendor/laravel/framework/src/Illuminate/Foundation/Http/Middleware/InvokeDeferredCallbacks.php(22): Illuminate\\Pipeline\\Pipeline->Illuminate\\Pipeline\\{closure}()
#53 /var/www/html/ujian-tpd-wildani/vendor/laravel/framework/src/Illuminate/Pipeline/Pipeline.php(219): Illuminate\\Foundation\\Http\\Middleware\\InvokeDeferredCallbacks->handle()
#54 /var/www/html/ujian-tpd-wildani/vendor/laravel/framework/src/Illuminate/Http/Middleware/ValidatePathEncoding.php(26): Illuminate\\Pipeline\\Pipeline->Illuminate\\Pipeline\\{closure}()
#55 /var/www/html/ujian-tpd-wildani/vendor/laravel/framework/src/Illuminate/Pipeline/Pipeline.php(219): Illuminate\\Http\\Middleware\\ValidatePathEncoding->handle()
#56 /var/www/html/ujian-tpd-wildani/vendor/laravel/framework/src/Illuminate/Pipeline/Pipeline.php(137): Illuminate\\Pipeline\\Pipeline->Illuminate\\Pipeline\\{closure}()
#57 /var/www/html/ujian-tpd-wildani/vendor/laravel/framework/src/Illuminate/Foundation/Http/Kernel.php(175): Illuminate\\Pipeline\\Pipeline->then()
#58 /var/www/html/ujian-tpd-wildani/vendor/laravel/framework/src/Illuminate/Foundation/Http/Kernel.php(144): Illuminate\\Foundation\\Http\\Kernel->sendRequestThroughRouter()
#59 /var/www/html/ujian-tpd-wildani/vendor/laravel/framework/src/Illuminate/Foundation/Application.php(1220): Illuminate\\Foundation\\Http\\Kernel->handle()
#60 /var/www/html/ujian-tpd-wildani/public/index.php(20): Illuminate\\Foundation\\Application->handleRequest()
#61 /var/www/html/ujian-tpd-wildani/vendor/laravel/framework/src/Illuminate/Foundation/resources/server.php(23): require_once('...')
#62 {main}
"} 
[2025-09-29 20:20:20] local.ERROR: Missing required parameter for [Route: arsip.edit] [URI: arsip/{arsip}/edit] [Missing parameter: arsip]. (View: /var/www/html/ujian-tpd-wildani/resources/views/arsip/show.blade.php) {"exception":"[object] (Illuminate\\View\\ViewException(code: 0): Missing required parameter for [Route: arsip.edit] [URI: arsip/{arsip}/edit] [Missing parameter: arsip]. (View: /var/www/html/ujian-tpd-wildani/resources/views/arsip/show.blade.php) at /var/www/html/ujian-tpd-wildani/vendor/laravel/framework/src/Illuminate/Routing/Exceptions/UrlGenerationException.php:35)
[stacktrace]
#0 /var/www/html/ujian-tpd-wildani/vendor/laravel/framework/src/Illuminate/View/Engines/PhpEngine.php(59): Illuminate\\View\\Engines\\CompilerEngine->handleViewException()
#1 /var/www/html/ujian-tpd-wildani/vendor/laravel/framework/src/Illuminate/View/Engines/CompilerEngine.php(76): Illuminate\\View\\Engines\\PhpEngine->evaluatePath()
#2 /var/www/html/ujian-tpd-wildani/vendor/laravel/framework/src/Illuminate/View/View.php(208): Illuminate\\View\\Engines\\CompilerEngine->get()
#3 /var/www/html/ujian-tpd-wildani/vendor/laravel/framework/src/Illuminate/View/View.php(191): Illuminate\\View\\View->getContents()
#4 /var/www/html/ujian-tpd-wildani/vendor/laravel/framework/src/Illuminate/View/View.php(160): Illuminate\\View\\View->renderContents()
#5 /var/www/html/ujian-tpd-wildani/vendor/laravel/framework/src/Illuminate/Http/Response.php(78): Illuminate\\View\\View->render()
#6 /var/www/html/ujian-tpd-wildani/vendor/laravel/framework/src/Illuminate/Http/Response.php(34): Illuminate\\Http\\Response->setContent()
#7 /var/www/html/ujian-tpd-wildani/vendor/laravel/framework/src/Illuminate/Routing/Router.php(939): Illuminate\\Http\\Response->__construct()
#8 /var/www/html/ujian-tpd-wildani/vendor/laravel/framework/src/Illuminate/Routing/Router.php(906): Illuminate\\Routing\\Router::toResponse()
#9 /var/www/html/ujian-tpd-wildani/vendor/laravel/framework/src/Illuminate/Routing/Router.php(821): Illuminate\\Routing\\Router->prepareResponse()
#10 /var/www/html/ujian-tpd-wildani/vendor/laravel/framework/src/Illuminate/Pipeline/Pipeline.php(180): Illuminate\\Routing\\Router->Illuminate\\Routing\\{closure}()
#11 /var/www/html/ujian-tpd-wildani/vendor/laravel/framework/src/Illuminate/Routing/Middleware/SubstituteBindings.php(50): Illuminate\\Pipeline\\Pipeline->Illuminate\\Pipeline\\{closure}()
#12 /var/www/html/ujian-tpd-wildani/vendor/laravel/framework/src/Illuminate/Pipeline/Pipeline.php(219): Illuminate\\Routing\\Middleware\\SubstituteBindings->handle()
#13 /var/www/html/ujian-tpd-wildani/vendor/laravel/framework/src/Illuminate/Foundation/Http/Middleware/VerifyCsrfToken.php(87): Illuminate\\Pipeline\\Pipeline->Illuminate\\Pipeline\\{closure}()
#14 /var/www/html/ujian-tpd-wildani/vendor/laravel/framework/src/Illuminate/Pipeline/Pipeline.php(219): Illuminate\\Foundation\\Http\\Middleware\\VerifyCsrfToken->handle()
#15 /var/www/html/ujian-tpd-wildani/vendor/laravel/framework/src/Illuminate/View/Middleware/ShareErrorsFromSession.php(48): Illuminate\\Pipeline\\Pipeline->Illuminate\\Pipeline\\{closure}()
#16 /var/www/html/ujian-tpd-wildani/vendor/laravel/framework/src/Illuminate/Pipeline/Pipeline.php(219): Illuminate\\View\\Middleware\\ShareErrorsFromSession->handle()
#17 /var/www/html/ujian-tpd-wildani/vendor/laravel/framework/src/Illuminate/Session/Middleware/StartSession.php(120): Illuminate\\Pipeline\\Pipeline->Illuminate\\Pipeline\\{closure}()
#18 /var/www/html/ujian-tpd-wildani/vendor/laravel/framework/src/Illuminate/Session/Middleware/StartSession.php(63): Illuminate\\Session\\Middleware\\StartSession->handleStatefulRequest()
#19 /var/www/html/ujian-tpd-wildani/vendor/laravel/framework/src/Illuminate/Pipeline/Pipeline.php(219): Illuminate\\Session\\Middleware\\StartSession->handle()
#20 /var/www/html/ujian-tpd-wildani/vendor/laravel/framework/src/Illuminate/Cookie/Middleware/AddQueuedCookiesToResponse.php(36): Illuminate\\Pipeline\\Pipeline->Illuminate\\Pipeline\\{closure}()
#21 /var/www/html/ujian-tpd-wildani/vendor/laravel/framework/src/Illuminate/Pipeline/Pipeline.php(219): Illuminate\\Cookie\\Middleware\\AddQueuedCookiesToResponse->handle()
#22 /var/www/html/ujian-tpd-wildani/vendor/laravel/framework/src/Illuminate/Cookie/Middleware/EncryptCookies.php(74): Illuminate\\Pipeline\\Pipeline->Illuminate\\Pipeline\\{closure}()
#23 /var/www/html/ujian-tpd-wildani/vendor/laravel/framework/src/Illuminate/Pipeline/Pipeline.php(219): Illuminate\\Cookie\\Middleware\\EncryptCookies->handle()
#24 /var/www/html/ujian-tpd-wildani/vendor/laravel/framework/src/Illuminate/Pipeline/Pipeline.php(137): Illuminate\\Pipeline\\Pipeline->Illuminate\\Pipeline\\{closure}()
#25 /var/www/html/ujian-tpd-wildani/vendor/laravel/framework/src/Illuminate/Routing/Router.php(821): Illuminate\\Pipeline\\Pipeline->then()
#26 /var/www/html/ujian-tpd-wildani/vendor/laravel/framework/src/Illuminate/Routing/Router.php(800): Illuminate\\Routing\\Router->runRouteWithinStack()
#27 /var/www/html/ujian-tpd-wildani/vendor/laravel/framework/src/Illuminate/Routing/Router.php(764): Illuminate\\Routing\\Router->runRoute()
#28 /var/www/html/ujian-tpd-wildani/vendor/laravel/framework/src/Illuminate/Routing/Router.php(753): Illuminate\\Routing\\Router->dispatchToRoute()
#29 /var/www/html/ujian-tpd-wildani/vendor/laravel/framework/src/Illuminate/Foundation/Http/Kernel.php(200): Illuminate\\Routing\\Router->dispatch()
#30 /var/www/html/ujian-tpd-wildani/vendor/laravel/framework/src/Illuminate/Pipeline/Pipeline.php(180): Illuminate\\Foundation\\Http\\Kernel->Illuminate\\Foundation\\Http\\{closure}()
#31 /var/www/html/ujian-tpd-wildani/vendor/laravel/framework/src/Illuminate/Foundation/Http/Middleware/TransformsRequest.php(21): Illuminate\\Pipeline\\Pipeline->Illuminate\\Pipeline\\{closure}()
#32 /var/www/html/ujian-tpd-wildani/vendor/laravel/framework/src/Illuminate/Foundation/Http/Middleware/ConvertEmptyStringsToNull.php(31): Illuminate\\Foundation\\Http\\Middleware\\TransformsRequest->handle()
#33 /var/www/html/ujian-tpd-wildani/vendor/laravel/framework/src/Illuminate/Pipeline/Pipeline.php(219): Illuminate\\Foundation\\Http\\Middleware\\ConvertEmptyStringsToNull->handle()
#34 /var/www/html/ujian-tpd-wildani/vendor/laravel/framework/src/Illuminate/Foundation/Http/Middleware/TransformsRequest.php(21): Illuminate\\Pipeline\\Pipeline->Illuminate\\Pipeline\\{closure}()
#35 /var/www/html/ujian-tpd-wildani/vendor/laravel/framework/src/Illuminate/Foundation/Http/Middleware/TrimStrings.php(51): Illuminate\\Foundation\\Http\\Middleware\\TransformsRequest->handle()
#36 /var/www/html/ujian-tpd-wildani/vendor/laravel/framework/src/Illuminate/Pipeline/Pipeline.php(219): Illuminate\\Foundation\\Http\\Middleware\\TrimStrings->handle()
#37 /var/www/html/ujian-tpd-wildani/vendor/laravel/framework/src/Illuminate/Http/Middleware/ValidatePostSize.php(27): Illuminate\\Pipeline\\Pipeline->Illuminate\\Pipeline\\{closure}()
#38 /var/www/html/ujian-tpd-wildani/vendor/laravel/framework/src/Illuminate/Pipeline/Pipeline.php(219): Illuminate\\Http\\Middleware\\ValidatePostSize->handle()
#39 /var/www/html/ujian-tpd-wildani/vendor/laravel/framework/src/Illuminate/Foundation/Http/Middleware/PreventRequestsDuringMaintenance.php(109): Illuminate\\Pipeline\\Pipeline->Illuminate\\Pipeline\\{closure}()
#40 /var/www/html/ujian-tpd-wildani/vendor/laravel/framework/src/Illuminate/Pipeline/Pipeline.php(219): Illuminate\\Foundation\\Http\\Middleware\\PreventRequestsDuringMaintenance->handle()
#41 /var/www/html/ujian-tpd-wildani/vendor/laravel/framework/src/Illuminate/Http/Middleware/HandleCors.php(48): Illuminate\\Pipeline\\Pipeline->Illuminate\\Pipeline\\{closure}()
#42 /var/www/html/ujian-tpd-wildani/vendor/laravel/framework/src/Illuminate/Pipeline/Pipeline.php(219): Illuminate\\Http\\Middleware\\HandleCors->handle()
#43 /var/www/html/ujian-tpd-wildani/vendor/laravel/framework/src/Illuminate/Http/Middleware/TrustProxies.php(58): Illuminate\\Pipeline\\Pipeline->Illuminate\\Pipeline\\{closure}()
#44 /var/www/html/ujian-tpd-wildani/vendor/laravel/framework/src/Illuminate/Pipeline/Pipeline.php(219): Illuminate\\Http\\Middleware\\TrustProxies->handle()
#45 /var/www/html/ujian-tpd-wildani/vendor/laravel/framework/src/Illuminate/Foundation/Http/Middleware/InvokeDeferredCallbacks.php(22): Illuminate\\Pipeline\\Pipeline->Illuminate\\Pipeline\\{closure}()
#46 /var/www/html/ujian-tpd-wildani/vendor/laravel/framework/src/Illuminate/Pipeline/Pipeline.php(219): Illuminate\\Foundation\\Http\\Middleware\\InvokeDeferredCallbacks->handle()
#47 /var/www/html/ujian-tpd-wildani/vendor/laravel/framework/src/Illuminate/Http/Middleware/ValidatePathEncoding.php(26): Illuminate\\Pipeline\\Pipeline->Illuminate\\Pipeline\\{closure}()
#48 /var/www/html/ujian-tpd-wildani/vendor/laravel/framework/src/Illuminate/Pipeline/Pipeline.php(219): Illuminate\\Http\\Middleware\\ValidatePathEncoding->handle()
#49 /var/www/html/ujian-tpd-wildani/vendor/laravel/framework/src/Illuminate/Pipeline/Pipeline.php(137): Illuminate\\Pipeline\\Pipeline->Illuminate\\Pipeline\\{closure}()
#50 /var/www/html/ujian-tpd-wildani/vendor/laravel/framework/src/Illuminate/Foundation/Http/Kernel.php(175): Illuminate\\Pipeline\\Pipeline->then()
#51 /var/www/html/ujian-tpd-wildani/vendor/laravel/framework/src/Illuminate/Foundation/Http/Kernel.php(144): Illuminate\\Foundation\\Http\\Kernel->sendRequestThroughRouter()
#52 /var/www/html/ujian-tpd-wildani/vendor/laravel/framework/src/Illuminate/Foundation/Application.php(1220): Illuminate\\Foundation\\Http\\Kernel->handle()
#53 /var/www/html/ujian-tpd-wildani/public/index.php(20): Illuminate\\Foundation\\Application->handleRequest()
#54 /var/www/html/ujian-tpd-wildani/vendor/laravel/framework/src/Illuminate/Foundation/resources/server.php(23): require_once('...')
#55 {main}

[previous exception] [object] (Illuminate\\Routing\\Exceptions\\UrlGenerationException(code: 0): Missing required parameter for [Route: arsip.edit] [URI: arsip/{arsip}/edit] [Missing parameter: arsip]. at /var/www/html/ujian-tpd-wildani/vendor/laravel/framework/src/Illuminate/Routing/Exceptions/UrlGenerationException.php:35)
[stacktrace]
#0 /var/www/html/ujian-tpd-wildani/vendor/laravel/framework/src/Illuminate/Routing/RouteUrlGenerator.php(94): Illuminate\\Routing\\Exceptions\\UrlGenerationException::forMissingParameters()
#1 /var/www/html/ujian-tpd-wildani/vendor/laravel/framework/src/Illuminate/Routing/UrlGenerator.php(541): Illuminate\\Routing\\RouteUrlGenerator->to()
#2 /var/www/html/ujian-tpd-wildani/vendor/laravel/framework/src/Illuminate/Routing/UrlGenerator.php(518): Illuminate\\Routing\\UrlGenerator->toRoute()
#3 /var/www/html/ujian-tpd-wildani/vendor/laravel/framework/src/Illuminate/Foundation/helpers.php(871): Illuminate\\Routing\\UrlGenerator->route()
#4 /var/www/html/ujian-tpd-wildani/storage/framework/views/9c0b8450c1af147801de32c575ba4b46.php(64): route()
#5 /var/www/html/ujian-tpd-wildani/vendor/laravel/framework/src/Illuminate/Filesystem/Filesystem.php(123): require('...')
#6 /var/www/html/ujian-tpd-wildani/vendor/laravel/framework/src/Illuminate/Filesystem/Filesystem.php(124): Illuminate\\Filesystem\\Filesystem::Illuminate\\Filesystem\\{closure}()
#7 /var/www/html/ujian-tpd-wildani/vendor/laravel/framework/src/Illuminate/View/Engines/PhpEngine.php(57): Illuminate\\Filesystem\\Filesystem->getRequire()
#8 /var/www/html/ujian-tpd-wildani/vendor/laravel/framework/src/Illuminate/View/Engines/CompilerEngine.php(76): Illuminate\\View\\Engines\\PhpEngine->evaluatePath()
#9 /var/www/html/ujian-tpd-wildani/vendor/laravel/framework/src/Illuminate/View/View.php(208): Illuminate\\View\\Engines\\CompilerEngine->get()
#10 /var/www/html/ujian-tpd-wildani/vendor/laravel/framework/src/Illuminate/View/View.php(191): Illuminate\\View\\View->getContents()
#11 /var/www/html/ujian-tpd-wildani/vendor/laravel/framework/src/Illuminate/View/View.php(160): Illuminate\\View\\View->renderContents()
#12 /var/www/html/ujian-tpd-wildani/vendor/laravel/framework/src/Illuminate/Http/Response.php(78): Illuminate\\View\\View->render()
#13 /var/www/html/ujian-tpd-wildani/vendor/laravel/framework/src/Illuminate/Http/Response.php(34): Illuminate\\Http\\Response->setContent()
#14 /var/www/html/ujian-tpd-wildani/vendor/laravel/framework/src/Illuminate/Routing/Router.php(939): Illuminate\\Http\\Response->__construct()
#15 /var/www/html/ujian-tpd-wildani/vendor/laravel/framework/src/Illuminate/Routing/Router.php(906): Illuminate\\Routing\\Router::toResponse()
#16 /var/www/html/ujian-tpd-wildani/vendor/laravel/framework/src/Illuminate/Routing/Router.php(821): Illuminate\\Routing\\Router->prepareResponse()
#17 /var/www/html/ujian-tpd-wildani/vendor/laravel/framework/src/Illuminate/Pipeline/Pipeline.php(180): Illuminate\\Routing\\Router->Illuminate\\Routing\\{closure}()
#18 /var/www/html/ujian-tpd-wildani/vendor/laravel/framework/src/Illuminate/Routing/Middleware/SubstituteBindings.php(50): Illuminate\\Pipeline\\Pipeline->Illuminate\\Pipeline\\{closure}()
#19 /var/www/html/ujian-tpd-wildani/vendor/laravel/framework/src/Illuminate/Pipeline/Pipeline.php(219): Illuminate\\Routing\\Middleware\\SubstituteBindings->handle()
#20 /var/www/html/ujian-tpd-wildani/vendor/laravel/framework/src/Illuminate/Foundation/Http/Middleware/VerifyCsrfToken.php(87): Illuminate\\Pipeline\\Pipeline->Illuminate\\Pipeline\\{closure}()
#21 /var/www/html/ujian-tpd-wildani/vendor/laravel/framework/src/Illuminate/Pipeline/Pipeline.php(219): Illuminate\\Foundation\\Http\\Middleware\\VerifyCsrfToken->handle()
#22 /var/www/html/ujian-tpd-wildani/vendor/laravel/framework/src/Illuminate/View/Middleware/ShareErrorsFromSession.php(48): Illuminate\\Pipeline\\Pipeline->Illuminate\\Pipeline\\{closure}()
#23 /var/www/html/ujian-tpd-wildani/vendor/laravel/framework/src/Illuminate/Pipeline/Pipeline.php(219): Illuminate\\View\\Middleware\\ShareErrorsFromSession->handle()
#24 /var/www/html/ujian-tpd-wildani/vendor/laravel/framework/src/Illuminate/Session/Middleware/StartSession.php(120): Illuminate\\Pipeline\\Pipeline->Illuminate\\Pipeline\\{closure}()
#25 /var/www/html/ujian-tpd-wildani/vendor/laravel/framework/src/Illuminate/Session/Middleware/StartSession.php(63): Illuminate\\Session\\Middleware\\StartSession->handleStatefulRequest()
#26 /var/www/html/ujian-tpd-wildani/vendor/laravel/framework/src/Illuminate/Pipeline/Pipeline.php(219): Illuminate\\Session\\Middleware\\StartSession->handle()
#27 /var/www/html/ujian-tpd-wildani/vendor/laravel/framework/src/Illuminate/Cookie/Middleware/AddQueuedCookiesToResponse.php(36): Illuminate\\Pipeline\\Pipeline->Illuminate\\Pipeline\\{closure}()
#28 /var/www/html/ujian-tpd-wildani/vendor/laravel/framework/src/Illuminate/Pipeline/Pipeline.php(219): Illuminate\\Cookie\\Middleware\\AddQueuedCookiesToResponse->handle()
#29 /var/www/html/ujian-tpd-wildani/vendor/laravel/framework/src/Illuminate/Cookie/Middleware/EncryptCookies.php(74): Illuminate\\Pipeline\\Pipeline->Illuminate\\Pipeline\\{closure}()
#30 /var/www/html/ujian-tpd-wildani/vendor/laravel/framework/src/Illuminate/Pipeline/Pipeline.php(219): Illuminate\\Cookie\\Middleware\\EncryptCookies->handle()
#31 /var/www/html/ujian-tpd-wildani/vendor/laravel/framework/src/Illuminate/Pipeline/Pipeline.php(137): Illuminate\\Pipeline\\Pipeline->Illuminate\\Pipeline\\{closure}()
#32 /var/www/html/ujian-tpd-wildani/vendor/laravel/framework/src/Illuminate/Routing/Router.php(821): Illuminate\\Pipeline\\Pipeline->then()
#33 /var/www/html/ujian-tpd-wildani/vendor/laravel/framework/src/Illuminate/Routing/Router.php(800): Illuminate\\Routing\\Router->runRouteWithinStack()
#34 /var/www/html/ujian-tpd-wildani/vendor/laravel/framework/src/Illuminate/Routing/Router.php(764): Illuminate\\Routing\\Router->runRoute()
#35 /var/www/html/ujian-tpd-wildani/vendor/laravel/framework/src/Illuminate/Routing/Router.php(753): Illuminate\\Routing\\Router->dispatchToRoute()
#36 /var/www/html/ujian-tpd-wildani/vendor/laravel/framework/src/Illuminate/Foundation/Http/Kernel.php(200): Illuminate\\Routing\\Router->dispatch()
#37 /var/www/html/ujian-tpd-wildani/vendor/laravel/framework/src/Illuminate/Pipeline/Pipeline.php(180): Illuminate\\Foundation\\Http\\Kernel->Illuminate\\Foundation\\Http\\{closure}()
#38 /var/www/html/ujian-tpd-wildani/vendor/laravel/framework/src/Illuminate/Foundation/Http/Middleware/TransformsRequest.php(21): Illuminate\\Pipeline\\Pipeline->Illuminate\\Pipeline\\{closure}()
#39 /var/www/html/ujian-tpd-wildani/vendor/laravel/framework/src/Illuminate/Foundation/Http/Middleware/ConvertEmptyStringsToNull.php(31): Illuminate\\Foundation\\Http\\Middleware\\TransformsRequest->handle()
#40 /var/www/html/ujian-tpd-wildani/vendor/laravel/framework/src/Illuminate/Pipeline/Pipeline.php(219): Illuminate\\Foundation\\Http\\Middleware\\ConvertEmptyStringsToNull->handle()
#41 /var/www/html/ujian-tpd-wildani/vendor/laravel/framework/src/Illuminate/Foundation/Http/Middleware/TransformsRequest.php(21): Illuminate\\Pipeline\\Pipeline->Illuminate\\Pipeline\\{closure}()
#42 /var/www/html/ujian-tpd-wildani/vendor/laravel/framework/src/Illuminate/Foundation/Http/Middleware/TrimStrings.php(51): Illuminate\\Foundation\\Http\\Middleware\\TransformsRequest->handle()
#43 /var/www/html/ujian-tpd-wildani/vendor/laravel/framework/src/Illuminate/Pipeline/Pipeline.php(219): Illuminate\\Foundation\\Http\\Middleware\\TrimStrings->handle()
#44 /var/www/html/ujian-tpd-wildani/vendor/laravel/framework/src/Illuminate/Http/Middleware/ValidatePostSize.php(27): Illuminate\\Pipeline\\Pipeline->Illuminate\\Pipeline\\{closure}()
#45 /var/www/html/ujian-tpd-wildani/vendor/laravel/framework/src/Illuminate/Pipeline/Pipeline.php(219): Illuminate\\Http\\Middleware\\ValidatePostSize->handle()
#46 /var/www/html/ujian-tpd-wildani/vendor/laravel/framework/src/Illuminate/Foundation/Http/Middleware/PreventRequestsDuringMaintenance.php(109): Illuminate\\Pipeline\\Pipeline->Illuminate\\Pipeline\\{closure}()
#47 /var/www/html/ujian-tpd-wildani/vendor/laravel/framework/src/Illuminate/Pipeline/Pipeline.php(219): Illuminate\\Foundation\\Http\\Middleware\\PreventRequestsDuringMaintenance->handle()
#48 /var/www/html/ujian-tpd-wildani/vendor/laravel/framework/src/Illuminate/Http/Middleware/HandleCors.php(48): Illuminate\\Pipeline\\Pipeline->Illuminate\\Pipeline\\{closure}()
#49 /var/www/html/ujian-tpd-wildani/vendor/laravel/framework/src/Illuminate/Pipeline/Pipeline.php(219): Illuminate\\Http\\Middleware\\HandleCors->handle()
#50 /var/www/html/ujian-tpd-wildani/vendor/laravel/framework/src/Illuminate/Http/Middleware/TrustProxies.php(58): Illuminate\\Pipeline\\Pipeline->Illuminate\\Pipeline\\{closure}()
#51 /var/www/html/ujian-tpd-wildani/vendor/laravel/framework/src/Illuminate/Pipeline/Pipeline.php(219): Illuminate\\Http\\Middleware\\TrustProxies->handle()
#52 /var/www/html/ujian-tpd-wildani/vendor/laravel/framework/src/Illuminate/Foundation/Http/Middleware/InvokeDeferredCallbacks.php(22): Illuminate\\Pipeline\\Pipeline->Illuminate\\Pipeline\\{closure}()
#53 /var/www/html/ujian-tpd-wildani/vendor/laravel/framework/src/Illuminate/Pipeline/Pipeline.php(219): Illuminate\\Foundation\\Http\\Middleware\\InvokeDeferredCallbacks->handle()
#54 /var/www/html/ujian-tpd-wildani/vendor/laravel/framework/src/Illuminate/Http/Middleware/ValidatePathEncoding.php(26): Illuminate\\Pipeline\\Pipeline->Illuminate\\Pipeline\\{closure}()
#55 /var/www/html/ujian-tpd-wildani/vendor/laravel/framework/src/Illuminate/Pipeline/Pipeline.php(219): Illuminate\\Http\\Middleware\\ValidatePathEncoding->handle()
#56 /var/www/html/ujian-tpd-wildani/vendor/laravel/framework/src/Illuminate/Pipeline/Pipeline.php(137): Illuminate\\Pipeline\\Pipeline->Illuminate\\Pipeline\\{closure}()
#57 /var/www/html/ujian-tpd-wildani/vendor/laravel/framework/src/Illuminate/Foundation/Http/Kernel.php(175): Illuminate\\Pipeline\\Pipeline->then()
#58 /var/www/html/ujian-tpd-wildani/vendor/laravel/framework/src/Illuminate/Foundation/Http/Kernel.php(144): Illuminate\\Foundation\\Http\\Kernel->sendRequestThroughRouter()
#59 /var/www/html/ujian-tpd-wildani/vendor/laravel/framework/src/Illuminate/Foundation/Application.php(1220): Illuminate\\Foundation\\Http\\Kernel->handle()
#60 /var/www/html/ujian-tpd-wildani/public/index.php(20): Illuminate\\Foundation\\Application->handleRequest()
#61 /var/www/html/ujian-tpd-wildani/vendor/laravel/framework/src/Illuminate/Foundation/resources/server.php(23): require_once('...')
#62 {main}
"} 
[2025-09-29 20:49:36] local.ERROR: Undefined variable $arsip (View: /var/www/html/ujian-tpd-wildani/resources/views/kategori/index.blade.php) {"exception":"[object] (Illuminate\\View\\ViewException(code: 0): Undefined variable $arsip (View: /var/www/html/ujian-tpd-wildani/resources/views/kategori/index.blade.php) at /var/www/html/ujian-tpd-wildani/storage/framework/views/13506288b6641190d224e6e19eb45d18.php:46)
[stacktrace]
#0 /var/www/html/ujian-tpd-wildani/vendor/laravel/framework/src/Illuminate/View/Engines/PhpEngine.php(59): Illuminate\\View\\Engines\\CompilerEngine->handleViewException()
#1 /var/www/html/ujian-tpd-wildani/vendor/laravel/framework/src/Illuminate/View/Engines/CompilerEngine.php(76): Illuminate\\View\\Engines\\PhpEngine->evaluatePath()
#2 /var/www/html/ujian-tpd-wildani/vendor/laravel/framework/src/Illuminate/View/View.php(208): Illuminate\\View\\Engines\\CompilerEngine->get()
#3 /var/www/html/ujian-tpd-wildani/vendor/laravel/framework/src/Illuminate/View/View.php(191): Illuminate\\View\\View->getContents()
#4 /var/www/html/ujian-tpd-wildani/vendor/laravel/framework/src/Illuminate/View/View.php(160): Illuminate\\View\\View->renderContents()
#5 /var/www/html/ujian-tpd-wildani/vendor/laravel/framework/src/Illuminate/Http/Response.php(78): Illuminate\\View\\View->render()
#6 /var/www/html/ujian-tpd-wildani/vendor/laravel/framework/src/Illuminate/Http/Response.php(34): Illuminate\\Http\\Response->setContent()
#7 /var/www/html/ujian-tpd-wildani/vendor/laravel/framework/src/Illuminate/Routing/Router.php(939): Illuminate\\Http\\Response->__construct()
#8 /var/www/html/ujian-tpd-wildani/vendor/laravel/framework/src/Illuminate/Routing/Router.php(906): Illuminate\\Routing\\Router::toResponse()
#9 /var/www/html/ujian-tpd-wildani/vendor/laravel/framework/src/Illuminate/Routing/Router.php(821): Illuminate\\Routing\\Router->prepareResponse()
#10 /var/www/html/ujian-tpd-wildani/vendor/laravel/framework/src/Illuminate/Pipeline/Pipeline.php(180): Illuminate\\Routing\\Router->Illuminate\\Routing\\{closure}()
#11 /var/www/html/ujian-tpd-wildani/vendor/laravel/framework/src/Illuminate/Routing/Middleware/SubstituteBindings.php(50): Illuminate\\Pipeline\\Pipeline->Illuminate\\Pipeline\\{closure}()
#12 /var/www/html/ujian-tpd-wildani/vendor/laravel/framework/src/Illuminate/Pipeline/Pipeline.php(219): Illuminate\\Routing\\Middleware\\SubstituteBindings->handle()
#13 /var/www/html/ujian-tpd-wildani/vendor/laravel/framework/src/Illuminate/Foundation/Http/Middleware/VerifyCsrfToken.php(87): Illuminate\\Pipeline\\Pipeline->Illuminate\\Pipeline\\{closure}()
#14 /var/www/html/ujian-tpd-wildani/vendor/laravel/framework/src/Illuminate/Pipeline/Pipeline.php(219): Illuminate\\Foundation\\Http\\Middleware\\VerifyCsrfToken->handle()
#15 /var/www/html/ujian-tpd-wildani/vendor/laravel/framework/src/Illuminate/View/Middleware/ShareErrorsFromSession.php(48): Illuminate\\Pipeline\\Pipeline->Illuminate\\Pipeline\\{closure}()
#16 /var/www/html/ujian-tpd-wildani/vendor/laravel/framework/src/Illuminate/Pipeline/Pipeline.php(219): Illuminate\\View\\Middleware\\ShareErrorsFromSession->handle()
#17 /var/www/html/ujian-tpd-wildani/vendor/laravel/framework/src/Illuminate/Session/Middleware/StartSession.php(120): Illuminate\\Pipeline\\Pipeline->Illuminate\\Pipeline\\{closure}()
#18 /var/www/html/ujian-tpd-wildani/vendor/laravel/framework/src/Illuminate/Session/Middleware/StartSession.php(63): Illuminate\\Session\\Middleware\\StartSession->handleStatefulRequest()
#19 /var/www/html/ujian-tpd-wildani/vendor/laravel/framework/src/Illuminate/Pipeline/Pipeline.php(219): Illuminate\\Session\\Middleware\\StartSession->handle()
#20 /var/www/html/ujian-tpd-wildani/vendor/laravel/framework/src/Illuminate/Cookie/Middleware/AddQueuedCookiesToResponse.php(36): Illuminate\\Pipeline\\Pipeline->Illuminate\\Pipeline\\{closure}()
#21 /var/www/html/ujian-tpd-wildani/vendor/laravel/framework/src/Illuminate/Pipeline/Pipeline.php(219): Illuminate\\Cookie\\Middleware\\AddQueuedCookiesToResponse->handle()
#22 /var/www/html/ujian-tpd-wildani/vendor/laravel/framework/src/Illuminate/Cookie/Middleware/EncryptCookies.php(74): Illuminate\\Pipeline\\Pipeline->Illuminate\\Pipeline\\{closure}()
#23 /var/www/html/ujian-tpd-wildani/vendor/laravel/framework/src/Illuminate/Pipeline/Pipeline.php(219): Illuminate\\Cookie\\Middleware\\EncryptCookies->handle()
#24 /var/www/html/ujian-tpd-wildani/vendor/laravel/framework/src/Illuminate/Pipeline/Pipeline.php(137): Illuminate\\Pipeline\\Pipeline->Illuminate\\Pipeline\\{closure}()
#25 /var/www/html/ujian-tpd-wildani/vendor/laravel/framework/src/Illuminate/Routing/Router.php(821): Illuminate\\Pipeline\\Pipeline->then()
#26 /var/www/html/ujian-tpd-wildani/vendor/laravel/framework/src/Illuminate/Routing/Router.php(800): Illuminate\\Routing\\Router->runRouteWithinStack()
#27 /var/www/html/ujian-tpd-wildani/vendor/laravel/framework/src/Illuminate/Routing/Router.php(764): Illuminate\\Routing\\Router->runRoute()
#28 /var/www/html/ujian-tpd-wildani/vendor/laravel/framework/src/Illuminate/Routing/Router.php(753): Illuminate\\Routing\\Router->dispatchToRoute()
#29 /var/www/html/ujian-tpd-wildani/vendor/laravel/framework/src/Illuminate/Foundation/Http/Kernel.php(200): Illuminate\\Routing\\Router->dispatch()
#30 /var/www/html/ujian-tpd-wildani/vendor/laravel/framework/src/Illuminate/Pipeline/Pipeline.php(180): Illuminate\\Foundation\\Http\\Kernel->Illuminate\\Foundation\\Http\\{closure}()
#31 /var/www/html/ujian-tpd-wildani/vendor/laravel/framework/src/Illuminate/Foundation/Http/Middleware/TransformsRequest.php(21): Illuminate\\Pipeline\\Pipeline->Illuminate\\Pipeline\\{closure}()
#32 /var/www/html/ujian-tpd-wildani/vendor/laravel/framework/src/Illuminate/Foundation/Http/Middleware/ConvertEmptyStringsToNull.php(31): Illuminate\\Foundation\\Http\\Middleware\\TransformsRequest->handle()
#33 /var/www/html/ujian-tpd-wildani/vendor/laravel/framework/src/Illuminate/Pipeline/Pipeline.php(219): Illuminate\\Foundation\\Http\\Middleware\\ConvertEmptyStringsToNull->handle()
#34 /var/www/html/ujian-tpd-wildani/vendor/laravel/framework/src/Illuminate/Foundation/Http/Middleware/TransformsRequest.php(21): Illuminate\\Pipeline\\Pipeline->Illuminate\\Pipeline\\{closure}()
#35 /var/www/html/ujian-tpd-wildani/vendor/laravel/framework/src/Illuminate/Foundation/Http/Middleware/TrimStrings.php(51): Illuminate\\Foundation\\Http\\Middleware\\TransformsRequest->handle()
#36 /var/www/html/ujian-tpd-wildani/vendor/laravel/framework/src/Illuminate/Pipeline/Pipeline.php(219): Illuminate\\Foundation\\Http\\Middleware\\TrimStrings->handle()
#37 /var/www/html/ujian-tpd-wildani/vendor/laravel/framework/src/Illuminate/Http/Middleware/ValidatePostSize.php(27): Illuminate\\Pipeline\\Pipeline->Illuminate\\Pipeline\\{closure}()
#38 /var/www/html/ujian-tpd-wildani/vendor/laravel/framework/src/Illuminate/Pipeline/Pipeline.php(219): Illuminate\\Http\\Middleware\\ValidatePostSize->handle()
#39 /var/www/html/ujian-tpd-wildani/vendor/laravel/framework/src/Illuminate/Foundation/Http/Middleware/PreventRequestsDuringMaintenance.php(109): Illuminate\\Pipeline\\Pipeline->Illuminate\\Pipeline\\{closure}()
#40 /var/www/html/ujian-tpd-wildani/vendor/laravel/framework/src/Illuminate/Pipeline/Pipeline.php(219): Illuminate\\Foundation\\Http\\Middleware\\PreventRequestsDuringMaintenance->handle()
#41 /var/www/html/ujian-tpd-wildani/vendor/laravel/framework/src/Illuminate/Http/Middleware/HandleCors.php(48): Illuminate\\Pipeline\\Pipeline->Illuminate\\Pipeline\\{closure}()
#42 /var/www/html/ujian-tpd-wildani/vendor/laravel/framework/src/Illuminate/Pipeline/Pipeline.php(219): Illuminate\\Http\\Middleware\\HandleCors->handle()
#43 /var/www/html/ujian-tpd-wildani/vendor/laravel/framework/src/Illuminate/Http/Middleware/TrustProxies.php(58): Illuminate\\Pipeline\\Pipeline->Illuminate\\Pipeline\\{closure}()
#44 /var/www/html/ujian-tpd-wildani/vendor/laravel/framework/src/Illuminate/Pipeline/Pipeline.php(219): Illuminate\\Http\\Middleware\\TrustProxies->handle()
#45 /var/www/html/ujian-tpd-wildani/vendor/laravel/framework/src/Illuminate/Foundation/Http/Middleware/InvokeDeferredCallbacks.php(22): Illuminate\\Pipeline\\Pipeline->Illuminate\\Pipeline\\{closure}()
#46 /var/www/html/ujian-tpd-wildani/vendor/laravel/framework/src/Illuminate/Pipeline/Pipeline.php(219): Illuminate\\Foundation\\Http\\Middleware\\InvokeDeferredCallbacks->handle()
#47 /var/www/html/ujian-tpd-wildani/vendor/laravel/framework/src/Illuminate/Http/Middleware/ValidatePathEncoding.php(26): Illuminate\\Pipeline\\Pipeline->Illuminate\\Pipeline\\{closure}()
#48 /var/www/html/ujian-tpd-wildani/vendor/laravel/framework/src/Illuminate/Pipeline/Pipeline.php(219): Illuminate\\Http\\Middleware\\ValidatePathEncoding->handle()
#49 /var/www/html/ujian-tpd-wildani/vendor/laravel/framework/src/Illuminate/Pipeline/Pipeline.php(137): Illuminate\\Pipeline\\Pipeline->Illuminate\\Pipeline\\{closure}()
#50 /var/www/html/ujian-tpd-wildani/vendor/laravel/framework/src/Illuminate/Foundation/Http/Kernel.php(175): Illuminate\\Pipeline\\Pipeline->then()
#51 /var/www/html/ujian-tpd-wildani/vendor/laravel/framework/src/Illuminate/Foundation/Http/Kernel.php(144): Illuminate\\Foundation\\Http\\Kernel->sendRequestThroughRouter()
#52 /var/www/html/ujian-tpd-wildani/vendor/laravel/framework/src/Illuminate/Foundation/Application.php(1220): Illuminate\\Foundation\\Http\\Kernel->handle()
#53 /var/www/html/ujian-tpd-wildani/public/index.php(20): Illuminate\\Foundation\\Application->handleRequest()
#54 /var/www/html/ujian-tpd-wildani/vendor/laravel/framework/src/Illuminate/Foundation/resources/server.php(23): require_once('...')
#55 {main}

[previous exception] [object] (ErrorException(code: 0): Undefined variable $arsip at /var/www/html/ujian-tpd-wildani/storage/framework/views/13506288b6641190d224e6e19eb45d18.php:46)
[stacktrace]
#0 /var/www/html/ujian-tpd-wildani/vendor/laravel/framework/src/Illuminate/Foundation/Bootstrap/HandleExceptions.php(258): Illuminate\\Foundation\\Bootstrap\\HandleExceptions->handleError()
#1 /var/www/html/ujian-tpd-wildani/storage/framework/views/13506288b6641190d224e6e19eb45d18.php(46): Illuminate\\Foundation\\Bootstrap\\HandleExceptions->Illuminate\\Foundation\\Bootstrap\\{closure}()
#2 /var/www/html/ujian-tpd-wildani/vendor/laravel/framework/src/Illuminate/Filesystem/Filesystem.php(123): require('...')
#3 /var/www/html/ujian-tpd-wildani/vendor/laravel/framework/src/Illuminate/Filesystem/Filesystem.php(124): Illuminate\\Filesystem\\Filesystem::Illuminate\\Filesystem\\{closure}()
#4 /var/www/html/ujian-tpd-wildani/vendor/laravel/framework/src/Illuminate/View/Engines/PhpEngine.php(57): Illuminate\\Filesystem\\Filesystem->getRequire()
#5 /var/www/html/ujian-tpd-wildani/vendor/laravel/framework/src/Illuminate/View/Engines/CompilerEngine.php(76): Illuminate\\View\\Engines\\PhpEngine->evaluatePath()
#6 /var/www/html/ujian-tpd-wildani/vendor/laravel/framework/src/Illuminate/View/View.php(208): Illuminate\\View\\Engines\\CompilerEngine->get()
#7 /var/www/html/ujian-tpd-wildani/vendor/laravel/framework/src/Illuminate/View/View.php(191): Illuminate\\View\\View->getContents()
#8 /var/www/html/ujian-tpd-wildani/vendor/laravel/framework/src/Illuminate/View/View.php(160): Illuminate\\View\\View->renderContents()
#9 /var/www/html/ujian-tpd-wildani/vendor/laravel/framework/src/Illuminate/Http/Response.php(78): Illuminate\\View\\View->render()
#10 /var/www/html/ujian-tpd-wildani/vendor/laravel/framework/src/Illuminate/Http/Response.php(34): Illuminate\\Http\\Response->setContent()
#11 /var/www/html/ujian-tpd-wildani/vendor/laravel/framework/src/Illuminate/Routing/Router.php(939): Illuminate\\Http\\Response->__construct()
#12 /var/www/html/ujian-tpd-wildani/vendor/laravel/framework/src/Illuminate/Routing/Router.php(906): Illuminate\\Routing\\Router::toResponse()
#13 /var/www/html/ujian-tpd-wildani/vendor/laravel/framework/src/Illuminate/Routing/Router.php(821): Illuminate\\Routing\\Router->prepareResponse()
#14 /var/www/html/ujian-tpd-wildani/vendor/laravel/framework/src/Illuminate/Pipeline/Pipeline.php(180): Illuminate\\Routing\\Router->Illuminate\\Routing\\{closure}()
#15 /var/www/html/ujian-tpd-wildani/vendor/laravel/framework/src/Illuminate/Routing/Middleware/SubstituteBindings.php(50): Illuminate\\Pipeline\\Pipeline->Illuminate\\Pipeline\\{closure}()
#16 /var/www/html/ujian-tpd-wildani/vendor/laravel/framework/src/Illuminate/Pipeline/Pipeline.php(219): Illuminate\\Routing\\Middleware\\SubstituteBindings->handle()
#17 /var/www/html/ujian-tpd-wildani/vendor/laravel/framework/src/Illuminate/Foundation/Http/Middleware/VerifyCsrfToken.php(87): Illuminate\\Pipeline\\Pipeline->Illuminate\\Pipeline\\{closure}()
#18 /var/www/html/ujian-tpd-wildani/vendor/laravel/framework/src/Illuminate/Pipeline/Pipeline.php(219): Illuminate\\Foundation\\Http\\Middleware\\VerifyCsrfToken->handle()
#19 /var/www/html/ujian-tpd-wildani/vendor/laravel/framework/src/Illuminate/View/Middleware/ShareErrorsFromSession.php(48): Illuminate\\Pipeline\\Pipeline->Illuminate\\Pipeline\\{closure}()
#20 /var/www/html/ujian-tpd-wildani/vendor/laravel/framework/src/Illuminate/Pipeline/Pipeline.php(219): Illuminate\\View\\Middleware\\ShareErrorsFromSession->handle()
#21 /var/www/html/ujian-tpd-wildani/vendor/laravel/framework/src/Illuminate/Session/Middleware/StartSession.php(120): Illuminate\\Pipeline\\Pipeline->Illuminate\\Pipeline\\{closure}()
#22 /var/www/html/ujian-tpd-wildani/vendor/laravel/framework/src/Illuminate/Session/Middleware/StartSession.php(63): Illuminate\\Session\\Middleware\\StartSession->handleStatefulRequest()
#23 /var/www/html/ujian-tpd-wildani/vendor/laravel/framework/src/Illuminate/Pipeline/Pipeline.php(219): Illuminate\\Session\\Middleware\\StartSession->handle()
#24 /var/www/html/ujian-tpd-wildani/vendor/laravel/framework/src/Illuminate/Cookie/Middleware/AddQueuedCookiesToResponse.php(36): Illuminate\\Pipeline\\Pipeline->Illuminate\\Pipeline\\{closure}()
#25 /var/www/html/ujian-tpd-wildani/vendor/laravel/framework/src/Illuminate/Pipeline/Pipeline.php(219): Illuminate\\Cookie\\Middleware\\AddQueuedCookiesToResponse->handle()
#26 /var/www/html/ujian-tpd-wildani/vendor/laravel/framework/src/Illuminate/Cookie/Middleware/EncryptCookies.php(74): Illuminate\\Pipeline\\Pipeline->Illuminate\\Pipeline\\{closure}()
#27 /var/www/html/ujian-tpd-wildani/vendor/laravel/framework/src/Illuminate/Pipeline/Pipeline.php(219): Illuminate\\Cookie\\Middleware\\EncryptCookies->handle()
#28 /var/www/html/ujian-tpd-wildani/vendor/laravel/framework/src/Illuminate/Pipeline/Pipeline.php(137): Illuminate\\Pipeline\\Pipeline->Illuminate\\Pipeline\\{closure}()
#29 /var/www/html/ujian-tpd-wildani/vendor/laravel/framework/src/Illuminate/Routing/Router.php(821): Illuminate\\Pipeline\\Pipeline->then()
#30 /var/www/html/ujian-tpd-wildani/vendor/laravel/framework/src/Illuminate/Routing/Router.php(800): Illuminate\\Routing\\Router->runRouteWithinStack()
#31 /var/www/html/ujian-tpd-wildani/vendor/laravel/framework/src/Illuminate/Routing/Router.php(764): Illuminate\\Routing\\Router->runRoute()
#32 /var/www/html/ujian-tpd-wildani/vendor/laravel/framework/src/Illuminate/Routing/Router.php(753): Illuminate\\Routing\\Router->dispatchToRoute()
#33 /var/www/html/ujian-tpd-wildani/vendor/laravel/framework/src/Illuminate/Foundation/Http/Kernel.php(200): Illuminate\\Routing\\Router->dispatch()
#34 /var/www/html/ujian-tpd-wildani/vendor/laravel/framework/src/Illuminate/Pipeline/Pipeline.php(180): Illuminate\\Foundation\\Http\\Kernel->Illuminate\\Foundation\\Http\\{closure}()
#35 /var/www/html/ujian-tpd-wildani/vendor/laravel/framework/src/Illuminate/Foundation/Http/Middleware/TransformsRequest.php(21): Illuminate\\Pipeline\\Pipeline->Illuminate\\Pipeline\\{closure}()
#36 /var/www/html/ujian-tpd-wildani/vendor/laravel/framework/src/Illuminate/Foundation/Http/Middleware/ConvertEmptyStringsToNull.php(31): Illuminate\\Foundation\\Http\\Middleware\\TransformsRequest->handle()
#37 /var/www/html/ujian-tpd-wildani/vendor/laravel/framework/src/Illuminate/Pipeline/Pipeline.php(219): Illuminate\\Foundation\\Http\\Middleware\\ConvertEmptyStringsToNull->handle()
#38 /var/www/html/ujian-tpd-wildani/vendor/laravel/framework/src/Illuminate/Foundation/Http/Middleware/TransformsRequest.php(21): Illuminate\\Pipeline\\Pipeline->Illuminate\\Pipeline\\{closure}()
#39 /var/www/html/ujian-tpd-wildani/vendor/laravel/framework/src/Illuminate/Foundation/Http/Middleware/TrimStrings.php(51): Illuminate\\Foundation\\Http\\Middleware\\TransformsRequest->handle()
#40 /var/www/html/ujian-tpd-wildani/vendor/laravel/framework/src/Illuminate/Pipeline/Pipeline.php(219): Illuminate\\Foundation\\Http\\Middleware\\TrimStrings->handle()
#41 /var/www/html/ujian-tpd-wildani/vendor/laravel/framework/src/Illuminate/Http/Middleware/ValidatePostSize.php(27): Illuminate\\Pipeline\\Pipeline->Illuminate\\Pipeline\\{closure}()
#42 /var/www/html/ujian-tpd-wildani/vendor/laravel/framework/src/Illuminate/Pipeline/Pipeline.php(219): Illuminate\\Http\\Middleware\\ValidatePostSize->handle()
#43 /var/www/html/ujian-tpd-wildani/vendor/laravel/framework/src/Illuminate/Foundation/Http/Middleware/PreventRequestsDuringMaintenance.php(109): Illuminate\\Pipeline\\Pipeline->Illuminate\\Pipeline\\{closure}()
#44 /var/www/html/ujian-tpd-wildani/vendor/laravel/framework/src/Illuminate/Pipeline/Pipeline.php(219): Illuminate\\Foundation\\Http\\Middleware\\PreventRequestsDuringMaintenance->handle()
#45 /var/www/html/ujian-tpd-wildani/vendor/laravel/framework/src/Illuminate/Http/Middleware/HandleCors.php(48): Illuminate\\Pipeline\\Pipeline->Illuminate\\Pipeline\\{closure}()
#46 /var/www/html/ujian-tpd-wildani/vendor/laravel/framework/src/Illuminate/Pipeline/Pipeline.php(219): Illuminate\\Http\\Middleware\\HandleCors->handle()
#47 /var/www/html/ujian-tpd-wildani/vendor/laravel/framework/src/Illuminate/Http/Middleware/TrustProxies.php(58): Illuminate\\Pipeline\\Pipeline->Illuminate\\Pipeline\\{closure}()
#48 /var/www/html/ujian-tpd-wildani/vendor/laravel/framework/src/Illuminate/Pipeline/Pipeline.php(219): Illuminate\\Http\\Middleware\\TrustProxies->handle()
#49 /var/www/html/ujian-tpd-wildani/vendor/laravel/framework/src/Illuminate/Foundation/Http/Middleware/InvokeDeferredCallbacks.php(22): Illuminate\\Pipeline\\Pipeline->Illuminate\\Pipeline\\{closure}()
#50 /var/www/html/ujian-tpd-wildani/vendor/laravel/framework/src/Illuminate/Pipeline/Pipeline.php(219): Illuminate\\Foundation\\Http\\Middleware\\InvokeDeferredCallbacks->handle()
#51 /var/www/html/ujian-tpd-wildani/vendor/laravel/framework/src/Illuminate/Http/Middleware/ValidatePathEncoding.php(26): Illuminate\\Pipeline\\Pipeline->Illuminate\\Pipeline\\{closure}()
#52 /var/www/html/ujian-tpd-wildani/vendor/laravel/framework/src/Illuminate/Pipeline/Pipeline.php(219): Illuminate\\Http\\Middleware\\ValidatePathEncoding->handle()
#53 /var/www/html/ujian-tpd-wildani/vendor/laravel/framework/src/Illuminate/Pipeline/Pipeline.php(137): Illuminate\\Pipeline\\Pipeline->Illuminate\\Pipeline\\{closure}()
#54 /var/www/html/ujian-tpd-wildani/vendor/laravel/framework/src/Illuminate/Foundation/Http/Kernel.php(175): Illuminate\\Pipeline\\Pipeline->then()
#55 /var/www/html/ujian-tpd-wildani/vendor/laravel/framework/src/Illuminate/Foundation/Http/Kernel.php(144): Illuminate\\Foundation\\Http\\Kernel->sendRequestThroughRouter()
#56 /var/www/html/ujian-tpd-wildani/vendor/laravel/framework/src/Illuminate/Foundation/Application.php(1220): Illuminate\\Foundation\\Http\\Kernel->handle()
#57 /var/www/html/ujian-tpd-wildani/public/index.php(20): Illuminate\\Foundation\\Application->handleRequest()
#58 /var/www/html/ujian-tpd-wildani/vendor/laravel/framework/src/Illuminate/Foundation/resources/server.php(23): require_once('...')
#59 {main}
"} 
[2025-09-29 22:01:34] local.ERROR: Missing required parameter for [Route: kategori.update] [URI: kategori/{kategori}] [Missing parameter: kategori]. (View: /var/www/html/ujian-tpd-wildani/resources/views/kategori/edit.blade.php) {"exception":"[object] (Illuminate\\View\\ViewException(code: 0): Missing required parameter for [Route: kategori.update] [URI: kategori/{kategori}] [Missing parameter: kategori]. (View: /var/www/html/ujian-tpd-wildani/resources/views/kategori/edit.blade.php) at /var/www/html/ujian-tpd-wildani/vendor/laravel/framework/src/Illuminate/Routing/Exceptions/UrlGenerationException.php:35)
[stacktrace]
#0 /var/www/html/ujian-tpd-wildani/vendor/laravel/framework/src/Illuminate/View/Engines/PhpEngine.php(59): Illuminate\\View\\Engines\\CompilerEngine->handleViewException()
#1 /var/www/html/ujian-tpd-wildani/vendor/laravel/framework/src/Illuminate/View/Engines/CompilerEngine.php(76): Illuminate\\View\\Engines\\PhpEngine->evaluatePath()
#2 /var/www/html/ujian-tpd-wildani/vendor/laravel/framework/src/Illuminate/View/View.php(208): Illuminate\\View\\Engines\\CompilerEngine->get()
#3 /var/www/html/ujian-tpd-wildani/vendor/laravel/framework/src/Illuminate/View/View.php(191): Illuminate\\View\\View->getContents()
#4 /var/www/html/ujian-tpd-wildani/vendor/laravel/framework/src/Illuminate/View/View.php(160): Illuminate\\View\\View->renderContents()
#5 /var/www/html/ujian-tpd-wildani/vendor/laravel/framework/src/Illuminate/Http/Response.php(78): Illuminate\\View\\View->render()
#6 /var/www/html/ujian-tpd-wildani/vendor/laravel/framework/src/Illuminate/Http/Response.php(34): Illuminate\\Http\\Response->setContent()
#7 /var/www/html/ujian-tpd-wildani/vendor/laravel/framework/src/Illuminate/Routing/Router.php(939): Illuminate\\Http\\Response->__construct()
#8 /var/www/html/ujian-tpd-wildani/vendor/laravel/framework/src/Illuminate/Routing/Router.php(906): Illuminate\\Routing\\Router::toResponse()
#9 /var/www/html/ujian-tpd-wildani/vendor/laravel/framework/src/Illuminate/Routing/Router.php(821): Illuminate\\Routing\\Router->prepareResponse()
#10 /var/www/html/ujian-tpd-wildani/vendor/laravel/framework/src/Illuminate/Pipeline/Pipeline.php(180): Illuminate\\Routing\\Router->Illuminate\\Routing\\{closure}()
#11 /var/www/html/ujian-tpd-wildani/vendor/laravel/framework/src/Illuminate/Routing/Middleware/SubstituteBindings.php(50): Illuminate\\Pipeline\\Pipeline->Illuminate\\Pipeline\\{closure}()
#12 /var/www/html/ujian-tpd-wildani/vendor/laravel/framework/src/Illuminate/Pipeline/Pipeline.php(219): Illuminate\\Routing\\Middleware\\SubstituteBindings->handle()
#13 /var/www/html/ujian-tpd-wildani/vendor/laravel/framework/src/Illuminate/Foundation/Http/Middleware/VerifyCsrfToken.php(87): Illuminate\\Pipeline\\Pipeline->Illuminate\\Pipeline\\{closure}()
#14 /var/www/html/ujian-tpd-wildani/vendor/laravel/framework/src/Illuminate/Pipeline/Pipeline.php(219): Illuminate\\Foundation\\Http\\Middleware\\VerifyCsrfToken->handle()
#15 /var/www/html/ujian-tpd-wildani/vendor/laravel/framework/src/Illuminate/View/Middleware/ShareErrorsFromSession.php(48): Illuminate\\Pipeline\\Pipeline->Illuminate\\Pipeline\\{closure}()
#16 /var/www/html/ujian-tpd-wildani/vendor/laravel/framework/src/Illuminate/Pipeline/Pipeline.php(219): Illuminate\\View\\Middleware\\ShareErrorsFromSession->handle()
#17 /var/www/html/ujian-tpd-wildani/vendor/laravel/framework/src/Illuminate/Session/Middleware/StartSession.php(120): Illuminate\\Pipeline\\Pipeline->Illuminate\\Pipeline\\{closure}()
#18 /var/www/html/ujian-tpd-wildani/vendor/laravel/framework/src/Illuminate/Session/Middleware/StartSession.php(63): Illuminate\\Session\\Middleware\\StartSession->handleStatefulRequest()
#19 /var/www/html/ujian-tpd-wildani/vendor/laravel/framework/src/Illuminate/Pipeline/Pipeline.php(219): Illuminate\\Session\\Middleware\\StartSession->handle()
#20 /var/www/html/ujian-tpd-wildani/vendor/laravel/framework/src/Illuminate/Cookie/Middleware/AddQueuedCookiesToResponse.php(36): Illuminate\\Pipeline\\Pipeline->Illuminate\\Pipeline\\{closure}()
#21 /var/www/html/ujian-tpd-wildani/vendor/laravel/framework/src/Illuminate/Pipeline/Pipeline.php(219): Illuminate\\Cookie\\Middleware\\AddQueuedCookiesToResponse->handle()
#22 /var/www/html/ujian-tpd-wildani/vendor/laravel/framework/src/Illuminate/Cookie/Middleware/EncryptCookies.php(74): Illuminate\\Pipeline\\Pipeline->Illuminate\\Pipeline\\{closure}()
#23 /var/www/html/ujian-tpd-wildani/vendor/laravel/framework/src/Illuminate/Pipeline/Pipeline.php(219): Illuminate\\Cookie\\Middleware\\EncryptCookies->handle()
#24 /var/www/html/ujian-tpd-wildani/vendor/laravel/framework/src/Illuminate/Pipeline/Pipeline.php(137): Illuminate\\Pipeline\\Pipeline->Illuminate\\Pipeline\\{closure}()
#25 /var/www/html/ujian-tpd-wildani/vendor/laravel/framework/src/Illuminate/Routing/Router.php(821): Illuminate\\Pipeline\\Pipeline->then()
#26 /var/www/html/ujian-tpd-wildani/vendor/laravel/framework/src/Illuminate/Routing/Router.php(800): Illuminate\\Routing\\Router->runRouteWithinStack()
#27 /var/www/html/ujian-tpd-wildani/vendor/laravel/framework/src/Illuminate/Routing/Router.php(764): Illuminate\\Routing\\Router->runRoute()
#28 /var/www/html/ujian-tpd-wildani/vendor/laravel/framework/src/Illuminate/Routing/Router.php(753): Illuminate\\Routing\\Router->dispatchToRoute()
#29 /var/www/html/ujian-tpd-wildani/vendor/laravel/framework/src/Illuminate/Foundation/Http/Kernel.php(200): Illuminate\\Routing\\Router->dispatch()
#30 /var/www/html/ujian-tpd-wildani/vendor/laravel/framework/src/Illuminate/Pipeline/Pipeline.php(180): Illuminate\\Foundation\\Http\\Kernel->Illuminate\\Foundation\\Http\\{closure}()
#31 /var/www/html/ujian-tpd-wildani/vendor/laravel/framework/src/Illuminate/Foundation/Http/Middleware/TransformsRequest.php(21): Illuminate\\Pipeline\\Pipeline->Illuminate\\Pipeline\\{closure}()
#32 /var/www/html/ujian-tpd-wildani/vendor/laravel/framework/src/Illuminate/Foundation/Http/Middleware/ConvertEmptyStringsToNull.php(31): Illuminate\\Foundation\\Http\\Middleware\\TransformsRequest->handle()
#33 /var/www/html/ujian-tpd-wildani/vendor/laravel/framework/src/Illuminate/Pipeline/Pipeline.php(219): Illuminate\\Foundation\\Http\\Middleware\\ConvertEmptyStringsToNull->handle()
#34 /var/www/html/ujian-tpd-wildani/vendor/laravel/framework/src/Illuminate/Foundation/Http/Middleware/TransformsRequest.php(21): Illuminate\\Pipeline\\Pipeline->Illuminate\\Pipeline\\{closure}()
#35 /var/www/html/ujian-tpd-wildani/vendor/laravel/framework/src/Illuminate/Foundation/Http/Middleware/TrimStrings.php(51): Illuminate\\Foundation\\Http\\Middleware\\TransformsRequest->handle()
#36 /var/www/html/ujian-tpd-wildani/vendor/laravel/framework/src/Illuminate/Pipeline/Pipeline.php(219): Illuminate\\Foundation\\Http\\Middleware\\TrimStrings->handle()
#37 /var/www/html/ujian-tpd-wildani/vendor/laravel/framework/src/Illuminate/Http/Middleware/ValidatePostSize.php(27): Illuminate\\Pipeline\\Pipeline->Illuminate\\Pipeline\\{closure}()
#38 /var/www/html/ujian-tpd-wildani/vendor/laravel/framework/src/Illuminate/Pipeline/Pipeline.php(219): Illuminate\\Http\\Middleware\\ValidatePostSize->handle()
#39 /var/www/html/ujian-tpd-wildani/vendor/laravel/framework/src/Illuminate/Foundation/Http/Middleware/PreventRequestsDuringMaintenance.php(109): Illuminate\\Pipeline\\Pipeline->Illuminate\\Pipeline\\{closure}()
#40 /var/www/html/ujian-tpd-wildani/vendor/laravel/framework/src/Illuminate/Pipeline/Pipeline.php(219): Illuminate\\Foundation\\Http\\Middleware\\PreventRequestsDuringMaintenance->handle()
#41 /var/www/html/ujian-tpd-wildani/vendor/laravel/framework/src/Illuminate/Http/Middleware/HandleCors.php(48): Illuminate\\Pipeline\\Pipeline->Illuminate\\Pipeline\\{closure}()
#42 /var/www/html/ujian-tpd-wildani/vendor/laravel/framework/src/Illuminate/Pipeline/Pipeline.php(219): Illuminate\\Http\\Middleware\\HandleCors->handle()
#43 /var/www/html/ujian-tpd-wildani/vendor/laravel/framework/src/Illuminate/Http/Middleware/TrustProxies.php(58): Illuminate\\Pipeline\\Pipeline->Illuminate\\Pipeline\\{closure}()
#44 /var/www/html/ujian-tpd-wildani/vendor/laravel/framework/src/Illuminate/Pipeline/Pipeline.php(219): Illuminate\\Http\\Middleware\\TrustProxies->handle()
#45 /var/www/html/ujian-tpd-wildani/vendor/laravel/framework/src/Illuminate/Foundation/Http/Middleware/InvokeDeferredCallbacks.php(22): Illuminate\\Pipeline\\Pipeline->Illuminate\\Pipeline\\{closure}()
#46 /var/www/html/ujian-tpd-wildani/vendor/laravel/framework/src/Illuminate/Pipeline/Pipeline.php(219): Illuminate\\Foundation\\Http\\Middleware\\InvokeDeferredCallbacks->handle()
#47 /var/www/html/ujian-tpd-wildani/vendor/laravel/framework/src/Illuminate/Http/Middleware/ValidatePathEncoding.php(26): Illuminate\\Pipeline\\Pipeline->Illuminate\\Pipeline\\{closure}()
#48 /var/www/html/ujian-tpd-wildani/vendor/laravel/framework/src/Illuminate/Pipeline/Pipeline.php(219): Illuminate\\Http\\Middleware\\ValidatePathEncoding->handle()
#49 /var/www/html/ujian-tpd-wildani/vendor/laravel/framework/src/Illuminate/Pipeline/Pipeline.php(137): Illuminate\\Pipeline\\Pipeline->Illuminate\\Pipeline\\{closure}()
#50 /var/www/html/ujian-tpd-wildani/vendor/laravel/framework/src/Illuminate/Foundation/Http/Kernel.php(175): Illuminate\\Pipeline\\Pipeline->then()
#51 /var/www/html/ujian-tpd-wildani/vendor/laravel/framework/src/Illuminate/Foundation/Http/Kernel.php(144): Illuminate\\Foundation\\Http\\Kernel->sendRequestThroughRouter()
#52 /var/www/html/ujian-tpd-wildani/vendor/laravel/framework/src/Illuminate/Foundation/Application.php(1220): Illuminate\\Foundation\\Http\\Kernel->handle()
#53 /var/www/html/ujian-tpd-wildani/public/index.php(20): Illuminate\\Foundation\\Application->handleRequest()
#54 /var/www/html/ujian-tpd-wildani/vendor/laravel/framework/src/Illuminate/Foundation/resources/server.php(23): require_once('...')
#55 {main}

[previous exception] [object] (Illuminate\\Routing\\Exceptions\\UrlGenerationException(code: 0): Missing required parameter for [Route: kategori.update] [URI: kategori/{kategori}] [Missing parameter: kategori]. at /var/www/html/ujian-tpd-wildani/vendor/laravel/framework/src/Illuminate/Routing/Exceptions/UrlGenerationException.php:35)
[stacktrace]
#0 /var/www/html/ujian-tpd-wildani/vendor/laravel/framework/src/Illuminate/Routing/RouteUrlGenerator.php(94): Illuminate\\Routing\\Exceptions\\UrlGenerationException::forMissingParameters()
#1 /var/www/html/ujian-tpd-wildani/vendor/laravel/framework/src/Illuminate/Routing/UrlGenerator.php(541): Illuminate\\Routing\\RouteUrlGenerator->to()
#2 /var/www/html/ujian-tpd-wildani/vendor/laravel/framework/src/Illuminate/Routing/UrlGenerator.php(518): Illuminate\\Routing\\UrlGenerator->toRoute()
#3 /var/www/html/ujian-tpd-wildani/vendor/laravel/framework/src/Illuminate/Foundation/helpers.php(871): Illuminate\\Routing\\UrlGenerator->route()
#4 /var/www/html/ujian-tpd-wildani/storage/framework/views/962ee47825eaa1e62371be701b3d9766.php(95): route()
#5 /var/www/html/ujian-tpd-wildani/vendor/laravel/framework/src/Illuminate/Filesystem/Filesystem.php(123): require('...')
#6 /var/www/html/ujian-tpd-wildani/vendor/laravel/framework/src/Illuminate/Filesystem/Filesystem.php(124): Illuminate\\Filesystem\\Filesystem::Illuminate\\Filesystem\\{closure}()
#7 /var/www/html/ujian-tpd-wildani/vendor/laravel/framework/src/Illuminate/View/Engines/PhpEngine.php(57): Illuminate\\Filesystem\\Filesystem->getRequire()
#8 /var/www/html/ujian-tpd-wildani/vendor/laravel/framework/src/Illuminate/View/Engines/CompilerEngine.php(76): Illuminate\\View\\Engines\\PhpEngine->evaluatePath()
#9 /var/www/html/ujian-tpd-wildani/vendor/laravel/framework/src/Illuminate/View/View.php(208): Illuminate\\View\\Engines\\CompilerEngine->get()
#10 /var/www/html/ujian-tpd-wildani/vendor/laravel/framework/src/Illuminate/View/View.php(191): Illuminate\\View\\View->getContents()
#11 /var/www/html/ujian-tpd-wildani/vendor/laravel/framework/src/Illuminate/View/View.php(160): Illuminate\\View\\View->renderContents()
#12 /var/www/html/ujian-tpd-wildani/vendor/laravel/framework/src/Illuminate/Http/Response.php(78): Illuminate\\View\\View->render()
#13 /var/www/html/ujian-tpd-wildani/vendor/laravel/framework/src/Illuminate/Http/Response.php(34): Illuminate\\Http\\Response->setContent()
#14 /var/www/html/ujian-tpd-wildani/vendor/laravel/framework/src/Illuminate/Routing/Router.php(939): Illuminate\\Http\\Response->__construct()
#15 /var/www/html/ujian-tpd-wildani/vendor/laravel/framework/src/Illuminate/Routing/Router.php(906): Illuminate\\Routing\\Router::toResponse()
#16 /var/www/html/ujian-tpd-wildani/vendor/laravel/framework/src/Illuminate/Routing/Router.php(821): Illuminate\\Routing\\Router->prepareResponse()
#17 /var/www/html/ujian-tpd-wildani/vendor/laravel/framework/src/Illuminate/Pipeline/Pipeline.php(180): Illuminate\\Routing\\Router->Illuminate\\Routing\\{closure}()
#18 /var/www/html/ujian-tpd-wildani/vendor/laravel/framework/src/Illuminate/Routing/Middleware/SubstituteBindings.php(50): Illuminate\\Pipeline\\Pipeline->Illuminate\\Pipeline\\{closure}()
#19 /var/www/html/ujian-tpd-wildani/vendor/laravel/framework/src/Illuminate/Pipeline/Pipeline.php(219): Illuminate\\Routing\\Middleware\\SubstituteBindings->handle()
#20 /var/www/html/ujian-tpd-wildani/vendor/laravel/framework/src/Illuminate/Foundation/Http/Middleware/VerifyCsrfToken.php(87): Illuminate\\Pipeline\\Pipeline->Illuminate\\Pipeline\\{closure}()
#21 /var/www/html/ujian-tpd-wildani/vendor/laravel/framework/src/Illuminate/Pipeline/Pipeline.php(219): Illuminate\\Foundation\\Http\\Middleware\\VerifyCsrfToken->handle()
#22 /var/www/html/ujian-tpd-wildani/vendor/laravel/framework/src/Illuminate/View/Middleware/ShareErrorsFromSession.php(48): Illuminate\\Pipeline\\Pipeline->Illuminate\\Pipeline\\{closure}()
#23 /var/www/html/ujian-tpd-wildani/vendor/laravel/framework/src/Illuminate/Pipeline/Pipeline.php(219): Illuminate\\View\\Middleware\\ShareErrorsFromSession->handle()
#24 /var/www/html/ujian-tpd-wildani/vendor/laravel/framework/src/Illuminate/Session/Middleware/StartSession.php(120): Illuminate\\Pipeline\\Pipeline->Illuminate\\Pipeline\\{closure}()
#25 /var/www/html/ujian-tpd-wildani/vendor/laravel/framework/src/Illuminate/Session/Middleware/StartSession.php(63): Illuminate\\Session\\Middleware\\StartSession->handleStatefulRequest()
#26 /var/www/html/ujian-tpd-wildani/vendor/laravel/framework/src/Illuminate/Pipeline/Pipeline.php(219): Illuminate\\Session\\Middleware\\StartSession->handle()
#27 /var/www/html/ujian-tpd-wildani/vendor/laravel/framework/src/Illuminate/Cookie/Middleware/AddQueuedCookiesToResponse.php(36): Illuminate\\Pipeline\\Pipeline->Illuminate\\Pipeline\\{closure}()
#28 /var/www/html/ujian-tpd-wildani/vendor/laravel/framework/src/Illuminate/Pipeline/Pipeline.php(219): Illuminate\\Cookie\\Middleware\\AddQueuedCookiesToResponse->handle()
#29 /var/www/html/ujian-tpd-wildani/vendor/laravel/framework/src/Illuminate/Cookie/Middleware/EncryptCookies.php(74): Illuminate\\Pipeline\\Pipeline->Illuminate\\Pipeline\\{closure}()
#30 /var/www/html/ujian-tpd-wildani/vendor/laravel/framework/src/Illuminate/Pipeline/Pipeline.php(219): Illuminate\\Cookie\\Middleware\\EncryptCookies->handle()
#31 /var/www/html/ujian-tpd-wildani/vendor/laravel/framework/src/Illuminate/Pipeline/Pipeline.php(137): Illuminate\\Pipeline\\Pipeline->Illuminate\\Pipeline\\{closure}()
#32 /var/www/html/ujian-tpd-wildani/vendor/laravel/framework/src/Illuminate/Routing/Router.php(821): Illuminate\\Pipeline\\Pipeline->then()
#33 /var/www/html/ujian-tpd-wildani/vendor/laravel/framework/src/Illuminate/Routing/Router.php(800): Illuminate\\Routing\\Router->runRouteWithinStack()
#34 /var/www/html/ujian-tpd-wildani/vendor/laravel/framework/src/Illuminate/Routing/Router.php(764): Illuminate\\Routing\\Router->runRoute()
#35 /var/www/html/ujian-tpd-wildani/vendor/laravel/framework/src/Illuminate/Routing/Router.php(753): Illuminate\\Routing\\Router->dispatchToRoute()
#36 /var/www/html/ujian-tpd-wildani/vendor/laravel/framework/src/Illuminate/Foundation/Http/Kernel.php(200): Illuminate\\Routing\\Router->dispatch()
#37 /var/www/html/ujian-tpd-wildani/vendor/laravel/framework/src/Illuminate/Pipeline/Pipeline.php(180): Illuminate\\Foundation\\Http\\Kernel->Illuminate\\Foundation\\Http\\{closure}()
#38 /var/www/html/ujian-tpd-wildani/vendor/laravel/framework/src/Illuminate/Foundation/Http/Middleware/TransformsRequest.php(21): Illuminate\\Pipeline\\Pipeline->Illuminate\\Pipeline\\{closure}()
#39 /var/www/html/ujian-tpd-wildani/vendor/laravel/framework/src/Illuminate/Foundation/Http/Middleware/ConvertEmptyStringsToNull.php(31): Illuminate\\Foundation\\Http\\Middleware\\TransformsRequest->handle()
#40 /var/www/html/ujian-tpd-wildani/vendor/laravel/framework/src/Illuminate/Pipeline/Pipeline.php(219): Illuminate\\Foundation\\Http\\Middleware\\ConvertEmptyStringsToNull->handle()
#41 /var/www/html/ujian-tpd-wildani/vendor/laravel/framework/src/Illuminate/Foundation/Http/Middleware/TransformsRequest.php(21): Illuminate\\Pipeline\\Pipeline->Illuminate\\Pipeline\\{closure}()
#42 /var/www/html/ujian-tpd-wildani/vendor/laravel/framework/src/Illuminate/Foundation/Http/Middleware/TrimStrings.php(51): Illuminate\\Foundation\\Http\\Middleware\\TransformsRequest->handle()
#43 /var/www/html/ujian-tpd-wildani/vendor/laravel/framework/src/Illuminate/Pipeline/Pipeline.php(219): Illuminate\\Foundation\\Http\\Middleware\\TrimStrings->handle()
#44 /var/www/html/ujian-tpd-wildani/vendor/laravel/framework/src/Illuminate/Http/Middleware/ValidatePostSize.php(27): Illuminate\\Pipeline\\Pipeline->Illuminate\\Pipeline\\{closure}()
#45 /var/www/html/ujian-tpd-wildani/vendor/laravel/framework/src/Illuminate/Pipeline/Pipeline.php(219): Illuminate\\Http\\Middleware\\ValidatePostSize->handle()
#46 /var/www/html/ujian-tpd-wildani/vendor/laravel/framework/src/Illuminate/Foundation/Http/Middleware/PreventRequestsDuringMaintenance.php(109): Illuminate\\Pipeline\\Pipeline->Illuminate\\Pipeline\\{closure}()
#47 /var/www/html/ujian-tpd-wildani/vendor/laravel/framework/src/Illuminate/Pipeline/Pipeline.php(219): Illuminate\\Foundation\\Http\\Middleware\\PreventRequestsDuringMaintenance->handle()
#48 /var/www/html/ujian-tpd-wildani/vendor/laravel/framework/src/Illuminate/Http/Middleware/HandleCors.php(48): Illuminate\\Pipeline\\Pipeline->Illuminate\\Pipeline\\{closure}()
#49 /var/www/html/ujian-tpd-wildani/vendor/laravel/framework/src/Illuminate/Pipeline/Pipeline.php(219): Illuminate\\Http\\Middleware\\HandleCors->handle()
#50 /var/www/html/ujian-tpd-wildani/vendor/laravel/framework/src/Illuminate/Http/Middleware/TrustProxies.php(58): Illuminate\\Pipeline\\Pipeline->Illuminate\\Pipeline\\{closure}()
#51 /var/www/html/ujian-tpd-wildani/vendor/laravel/framework/src/Illuminate/Pipeline/Pipeline.php(219): Illuminate\\Http\\Middleware\\TrustProxies->handle()
#52 /var/www/html/ujian-tpd-wildani/vendor/laravel/framework/src/Illuminate/Foundation/Http/Middleware/InvokeDeferredCallbacks.php(22): Illuminate\\Pipeline\\Pipeline->Illuminate\\Pipeline\\{closure}()
#53 /var/www/html/ujian-tpd-wildani/vendor/laravel/framework/src/Illuminate/Pipeline/Pipeline.php(219): Illuminate\\Foundation\\Http\\Middleware\\InvokeDeferredCallbacks->handle()
#54 /var/www/html/ujian-tpd-wildani/vendor/laravel/framework/src/Illuminate/Http/Middleware/ValidatePathEncoding.php(26): Illuminate\\Pipeline\\Pipeline->Illuminate\\Pipeline\\{closure}()
#55 /var/www/html/ujian-tpd-wildani/vendor/laravel/framework/src/Illuminate/Pipeline/Pipeline.php(219): Illuminate\\Http\\Middleware\\ValidatePathEncoding->handle()
#56 /var/www/html/ujian-tpd-wildani/vendor/laravel/framework/src/Illuminate/Pipeline/Pipeline.php(137): Illuminate\\Pipeline\\Pipeline->Illuminate\\Pipeline\\{closure}()
#57 /var/www/html/ujian-tpd-wildani/vendor/laravel/framework/src/Illuminate/Foundation/Http/Kernel.php(175): Illuminate\\Pipeline\\Pipeline->then()
#58 /var/www/html/ujian-tpd-wildani/vendor/laravel/framework/src/Illuminate/Foundation/Http/Kernel.php(144): Illuminate\\Foundation\\Http\\Kernel->sendRequestThroughRouter()
#59 /var/www/html/ujian-tpd-wildani/vendor/laravel/framework/src/Illuminate/Foundation/Application.php(1220): Illuminate\\Foundation\\Http\\Kernel->handle()
#60 /var/www/html/ujian-tpd-wildani/public/index.php(20): Illuminate\\Foundation\\Application->handleRequest()
#61 /var/www/html/ujian-tpd-wildani/vendor/laravel/framework/src/Illuminate/Foundation/resources/server.php(23): require_once('...')
#62 {main}
"} 
[2025-09-29 22:13:27] local.ERROR: Attempt to read property "id_kategori" on array (View: /var/www/html/ujian-tpd-wildani/resources/views/kategori/index.blade.php) {"exception":"[object] (Illuminate\\View\\ViewException(code: 0): Attempt to read property \"id_kategori\" on array (View: /var/www/html/ujian-tpd-wildani/resources/views/kategori/index.blade.php) at /var/www/html/ujian-tpd-wildani/storage/framework/views/13506288b6641190d224e6e19eb45d18.php:48)
[stacktrace]
#0 /var/www/html/ujian-tpd-wildani/vendor/laravel/framework/src/Illuminate/View/Engines/PhpEngine.php(59): Illuminate\\View\\Engines\\CompilerEngine->handleViewException()
#1 /var/www/html/ujian-tpd-wildani/vendor/laravel/framework/src/Illuminate/View/Engines/CompilerEngine.php(76): Illuminate\\View\\Engines\\PhpEngine->evaluatePath()
#2 /var/www/html/ujian-tpd-wildani/vendor/laravel/framework/src/Illuminate/View/View.php(208): Illuminate\\View\\Engines\\CompilerEngine->get()
#3 /var/www/html/ujian-tpd-wildani/vendor/laravel/framework/src/Illuminate/View/View.php(191): Illuminate\\View\\View->getContents()
#4 /var/www/html/ujian-tpd-wildani/vendor/laravel/framework/src/Illuminate/View/View.php(160): Illuminate\\View\\View->renderContents()
#5 /var/www/html/ujian-tpd-wildani/vendor/laravel/framework/src/Illuminate/Http/Response.php(78): Illuminate\\View\\View->render()
#6 /var/www/html/ujian-tpd-wildani/vendor/laravel/framework/src/Illuminate/Http/Response.php(34): Illuminate\\Http\\Response->setContent()
#7 /var/www/html/ujian-tpd-wildani/vendor/laravel/framework/src/Illuminate/Routing/Router.php(939): Illuminate\\Http\\Response->__construct()
#8 /var/www/html/ujian-tpd-wildani/vendor/laravel/framework/src/Illuminate/Routing/Router.php(906): Illuminate\\Routing\\Router::toResponse()
#9 /var/www/html/ujian-tpd-wildani/vendor/laravel/framework/src/Illuminate/Routing/Router.php(821): Illuminate\\Routing\\Router->prepareResponse()
#10 /var/www/html/ujian-tpd-wildani/vendor/laravel/framework/src/Illuminate/Pipeline/Pipeline.php(180): Illuminate\\Routing\\Router->Illuminate\\Routing\\{closure}()
#11 /var/www/html/ujian-tpd-wildani/vendor/laravel/framework/src/Illuminate/Routing/Middleware/SubstituteBindings.php(50): Illuminate\\Pipeline\\Pipeline->Illuminate\\Pipeline\\{closure}()
#12 /var/www/html/ujian-tpd-wildani/vendor/laravel/framework/src/Illuminate/Pipeline/Pipeline.php(219): Illuminate\\Routing\\Middleware\\SubstituteBindings->handle()
#13 /var/www/html/ujian-tpd-wildani/vendor/laravel/framework/src/Illuminate/Foundation/Http/Middleware/VerifyCsrfToken.php(87): Illuminate\\Pipeline\\Pipeline->Illuminate\\Pipeline\\{closure}()
#14 /var/www/html/ujian-tpd-wildani/vendor/laravel/framework/src/Illuminate/Pipeline/Pipeline.php(219): Illuminate\\Foundation\\Http\\Middleware\\VerifyCsrfToken->handle()
#15 /var/www/html/ujian-tpd-wildani/vendor/laravel/framework/src/Illuminate/View/Middleware/ShareErrorsFromSession.php(48): Illuminate\\Pipeline\\Pipeline->Illuminate\\Pipeline\\{closure}()
#16 /var/www/html/ujian-tpd-wildani/vendor/laravel/framework/src/Illuminate/Pipeline/Pipeline.php(219): Illuminate\\View\\Middleware\\ShareErrorsFromSession->handle()
#17 /var/www/html/ujian-tpd-wildani/vendor/laravel/framework/src/Illuminate/Session/Middleware/StartSession.php(120): Illuminate\\Pipeline\\Pipeline->Illuminate\\Pipeline\\{closure}()
#18 /var/www/html/ujian-tpd-wildani/vendor/laravel/framework/src/Illuminate/Session/Middleware/StartSession.php(63): Illuminate\\Session\\Middleware\\StartSession->handleStatefulRequest()
#19 /var/www/html/ujian-tpd-wildani/vendor/laravel/framework/src/Illuminate/Pipeline/Pipeline.php(219): Illuminate\\Session\\Middleware\\StartSession->handle()
#20 /var/www/html/ujian-tpd-wildani/vendor/laravel/framework/src/Illuminate/Cookie/Middleware/AddQueuedCookiesToResponse.php(36): Illuminate\\Pipeline\\Pipeline->Illuminate\\Pipeline\\{closure}()
#21 /var/www/html/ujian-tpd-wildani/vendor/laravel/framework/src/Illuminate/Pipeline/Pipeline.php(219): Illuminate\\Cookie\\Middleware\\AddQueuedCookiesToResponse->handle()
#22 /var/www/html/ujian-tpd-wildani/vendor/laravel/framework/src/Illuminate/Cookie/Middleware/EncryptCookies.php(74): Illuminate\\Pipeline\\Pipeline->Illuminate\\Pipeline\\{closure}()
#23 /var/www/html/ujian-tpd-wildani/vendor/laravel/framework/src/Illuminate/Pipeline/Pipeline.php(219): Illuminate\\Cookie\\Middleware\\EncryptCookies->handle()
#24 /var/www/html/ujian-tpd-wildani/vendor/laravel/framework/src/Illuminate/Pipeline/Pipeline.php(137): Illuminate\\Pipeline\\Pipeline->Illuminate\\Pipeline\\{closure}()
#25 /var/www/html/ujian-tpd-wildani/vendor/laravel/framework/src/Illuminate/Routing/Router.php(821): Illuminate\\Pipeline\\Pipeline->then()
#26 /var/www/html/ujian-tpd-wildani/vendor/laravel/framework/src/Illuminate/Routing/Router.php(800): Illuminate\\Routing\\Router->runRouteWithinStack()
#27 /var/www/html/ujian-tpd-wildani/vendor/laravel/framework/src/Illuminate/Routing/Router.php(764): Illuminate\\Routing\\Router->runRoute()
#28 /var/www/html/ujian-tpd-wildani/vendor/laravel/framework/src/Illuminate/Routing/Router.php(753): Illuminate\\Routing\\Router->dispatchToRoute()
#29 /var/www/html/ujian-tpd-wildani/vendor/laravel/framework/src/Illuminate/Foundation/Http/Kernel.php(200): Illuminate\\Routing\\Router->dispatch()
#30 /var/www/html/ujian-tpd-wildani/vendor/laravel/framework/src/Illuminate/Pipeline/Pipeline.php(180): Illuminate\\Foundation\\Http\\Kernel->Illuminate\\Foundation\\Http\\{closure}()
#31 /var/www/html/ujian-tpd-wildani/vendor/laravel/framework/src/Illuminate/Foundation/Http/Middleware/TransformsRequest.php(21): Illuminate\\Pipeline\\Pipeline->Illuminate\\Pipeline\\{closure}()
#32 /var/www/html/ujian-tpd-wildani/vendor/laravel/framework/src/Illuminate/Foundation/Http/Middleware/ConvertEmptyStringsToNull.php(31): Illuminate\\Foundation\\Http\\Middleware\\TransformsRequest->handle()
#33 /var/www/html/ujian-tpd-wildani/vendor/laravel/framework/src/Illuminate/Pipeline/Pipeline.php(219): Illuminate\\Foundation\\Http\\Middleware\\ConvertEmptyStringsToNull->handle()
#34 /var/www/html/ujian-tpd-wildani/vendor/laravel/framework/src/Illuminate/Foundation/Http/Middleware/TransformsRequest.php(21): Illuminate\\Pipeline\\Pipeline->Illuminate\\Pipeline\\{closure}()
#35 /var/www/html/ujian-tpd-wildani/vendor/laravel/framework/src/Illuminate/Foundation/Http/Middleware/TrimStrings.php(51): Illuminate\\Foundation\\Http\\Middleware\\TransformsRequest->handle()
#36 /var/www/html/ujian-tpd-wildani/vendor/laravel/framework/src/Illuminate/Pipeline/Pipeline.php(219): Illuminate\\Foundation\\Http\\Middleware\\TrimStrings->handle()
#37 /var/www/html/ujian-tpd-wildani/vendor/laravel/framework/src/Illuminate/Http/Middleware/ValidatePostSize.php(27): Illuminate\\Pipeline\\Pipeline->Illuminate\\Pipeline\\{closure}()
#38 /var/www/html/ujian-tpd-wildani/vendor/laravel/framework/src/Illuminate/Pipeline/Pipeline.php(219): Illuminate\\Http\\Middleware\\ValidatePostSize->handle()
#39 /var/www/html/ujian-tpd-wildani/vendor/laravel/framework/src/Illuminate/Foundation/Http/Middleware/PreventRequestsDuringMaintenance.php(109): Illuminate\\Pipeline\\Pipeline->Illuminate\\Pipeline\\{closure}()
#40 /var/www/html/ujian-tpd-wildani/vendor/laravel/framework/src/Illuminate/Pipeline/Pipeline.php(219): Illuminate\\Foundation\\Http\\Middleware\\PreventRequestsDuringMaintenance->handle()
#41 /var/www/html/ujian-tpd-wildani/vendor/laravel/framework/src/Illuminate/Http/Middleware/HandleCors.php(48): Illuminate\\Pipeline\\Pipeline->Illuminate\\Pipeline\\{closure}()
#42 /var/www/html/ujian-tpd-wildani/vendor/laravel/framework/src/Illuminate/Pipeline/Pipeline.php(219): Illuminate\\Http\\Middleware\\HandleCors->handle()
#43 /var/www/html/ujian-tpd-wildani/vendor/laravel/framework/src/Illuminate/Http/Middleware/TrustProxies.php(58): Illuminate\\Pipeline\\Pipeline->Illuminate\\Pipeline\\{closure}()
#44 /var/www/html/ujian-tpd-wildani/vendor/laravel/framework/src/Illuminate/Pipeline/Pipeline.php(219): Illuminate\\Http\\Middleware\\TrustProxies->handle()
#45 /var/www/html/ujian-tpd-wildani/vendor/laravel/framework/src/Illuminate/Foundation/Http/Middleware/InvokeDeferredCallbacks.php(22): Illuminate\\Pipeline\\Pipeline->Illuminate\\Pipeline\\{closure}()
#46 /var/www/html/ujian-tpd-wildani/vendor/laravel/framework/src/Illuminate/Pipeline/Pipeline.php(219): Illuminate\\Foundation\\Http\\Middleware\\InvokeDeferredCallbacks->handle()
#47 /var/www/html/ujian-tpd-wildani/vendor/laravel/framework/src/Illuminate/Http/Middleware/ValidatePathEncoding.php(26): Illuminate\\Pipeline\\Pipeline->Illuminate\\Pipeline\\{closure}()
#48 /var/www/html/ujian-tpd-wildani/vendor/laravel/framework/src/Illuminate/Pipeline/Pipeline.php(219): Illuminate\\Http\\Middleware\\ValidatePathEncoding->handle()
#49 /var/www/html/ujian-tpd-wildani/vendor/laravel/framework/src/Illuminate/Pipeline/Pipeline.php(137): Illuminate\\Pipeline\\Pipeline->Illuminate\\Pipeline\\{closure}()
#50 /var/www/html/ujian-tpd-wildani/vendor/laravel/framework/src/Illuminate/Foundation/Http/Kernel.php(175): Illuminate\\Pipeline\\Pipeline->then()
#51 /var/www/html/ujian-tpd-wildani/vendor/laravel/framework/src/Illuminate/Foundation/Http/Kernel.php(144): Illuminate\\Foundation\\Http\\Kernel->sendRequestThroughRouter()
#52 /var/www/html/ujian-tpd-wildani/vendor/laravel/framework/src/Illuminate/Foundation/Application.php(1220): Illuminate\\Foundation\\Http\\Kernel->handle()
#53 /var/www/html/ujian-tpd-wildani/public/index.php(20): Illuminate\\Foundation\\Application->handleRequest()
#54 /var/www/html/ujian-tpd-wildani/vendor/laravel/framework/src/Illuminate/Foundation/resources/server.php(23): require_once('...')
#55 {main}

[previous exception] [object] (ErrorException(code: 0): Attempt to read property \"id_kategori\" on array at /var/www/html/ujian-tpd-wildani/storage/framework/views/13506288b6641190d224e6e19eb45d18.php:48)
[stacktrace]
#0 /var/www/html/ujian-tpd-wildani/vendor/laravel/framework/src/Illuminate/Foundation/Bootstrap/HandleExceptions.php(258): Illuminate\\Foundation\\Bootstrap\\HandleExceptions->handleError()
#1 /var/www/html/ujian-tpd-wildani/storage/framework/views/13506288b6641190d224e6e19eb45d18.php(48): Illuminate\\Foundation\\Bootstrap\\HandleExceptions->Illuminate\\Foundation\\Bootstrap\\{closure}()
#2 /var/www/html/ujian-tpd-wildani/vendor/laravel/framework/src/Illuminate/Filesystem/Filesystem.php(123): require('...')
#3 /var/www/html/ujian-tpd-wildani/vendor/laravel/framework/src/Illuminate/Filesystem/Filesystem.php(124): Illuminate\\Filesystem\\Filesystem::Illuminate\\Filesystem\\{closure}()
#4 /var/www/html/ujian-tpd-wildani/vendor/laravel/framework/src/Illuminate/View/Engines/PhpEngine.php(57): Illuminate\\Filesystem\\Filesystem->getRequire()
#5 /var/www/html/ujian-tpd-wildani/vendor/laravel/framework/src/Illuminate/View/Engines/CompilerEngine.php(76): Illuminate\\View\\Engines\\PhpEngine->evaluatePath()
#6 /var/www/html/ujian-tpd-wildani/vendor/laravel/framework/src/Illuminate/View/View.php(208): Illuminate\\View\\Engines\\CompilerEngine->get()
#7 /var/www/html/ujian-tpd-wildani/vendor/laravel/framework/src/Illuminate/View/View.php(191): Illuminate\\View\\View->getContents()
#8 /var/www/html/ujian-tpd-wildani/vendor/laravel/framework/src/Illuminate/View/View.php(160): Illuminate\\View\\View->renderContents()
#9 /var/www/html/ujian-tpd-wildani/vendor/laravel/framework/src/Illuminate/Http/Response.php(78): Illuminate\\View\\View->render()
#10 /var/www/html/ujian-tpd-wildani/vendor/laravel/framework/src/Illuminate/Http/Response.php(34): Illuminate\\Http\\Response->setContent()
#11 /var/www/html/ujian-tpd-wildani/vendor/laravel/framework/src/Illuminate/Routing/Router.php(939): Illuminate\\Http\\Response->__construct()
#12 /var/www/html/ujian-tpd-wildani/vendor/laravel/framework/src/Illuminate/Routing/Router.php(906): Illuminate\\Routing\\Router::toResponse()
#13 /var/www/html/ujian-tpd-wildani/vendor/laravel/framework/src/Illuminate/Routing/Router.php(821): Illuminate\\Routing\\Router->prepareResponse()
#14 /var/www/html/ujian-tpd-wildani/vendor/laravel/framework/src/Illuminate/Pipeline/Pipeline.php(180): Illuminate\\Routing\\Router->Illuminate\\Routing\\{closure}()
#15 /var/www/html/ujian-tpd-wildani/vendor/laravel/framework/src/Illuminate/Routing/Middleware/SubstituteBindings.php(50): Illuminate\\Pipeline\\Pipeline->Illuminate\\Pipeline\\{closure}()
#16 /var/www/html/ujian-tpd-wildani/vendor/laravel/framework/src/Illuminate/Pipeline/Pipeline.php(219): Illuminate\\Routing\\Middleware\\SubstituteBindings->handle()
#17 /var/www/html/ujian-tpd-wildani/vendor/laravel/framework/src/Illuminate/Foundation/Http/Middleware/VerifyCsrfToken.php(87): Illuminate\\Pipeline\\Pipeline->Illuminate\\Pipeline\\{closure}()
#18 /var/www/html/ujian-tpd-wildani/vendor/laravel/framework/src/Illuminate/Pipeline/Pipeline.php(219): Illuminate\\Foundation\\Http\\Middleware\\VerifyCsrfToken->handle()
#19 /var/www/html/ujian-tpd-wildani/vendor/laravel/framework/src/Illuminate/View/Middleware/ShareErrorsFromSession.php(48): Illuminate\\Pipeline\\Pipeline->Illuminate\\Pipeline\\{closure}()
#20 /var/www/html/ujian-tpd-wildani/vendor/laravel/framework/src/Illuminate/Pipeline/Pipeline.php(219): Illuminate\\View\\Middleware\\ShareErrorsFromSession->handle()
#21 /var/www/html/ujian-tpd-wildani/vendor/laravel/framework/src/Illuminate/Session/Middleware/StartSession.php(120): Illuminate\\Pipeline\\Pipeline->Illuminate\\Pipeline\\{closure}()
#22 /var/www/html/ujian-tpd-wildani/vendor/laravel/framework/src/Illuminate/Session/Middleware/StartSession.php(63): Illuminate\\Session\\Middleware\\StartSession->handleStatefulRequest()
#23 /var/www/html/ujian-tpd-wildani/vendor/laravel/framework/src/Illuminate/Pipeline/Pipeline.php(219): Illuminate\\Session\\Middleware\\StartSession->handle()
#24 /var/www/html/ujian-tpd-wildani/vendor/laravel/framework/src/Illuminate/Cookie/Middleware/AddQueuedCookiesToResponse.php(36): Illuminate\\Pipeline\\Pipeline->Illuminate\\Pipeline\\{closure}()
#25 /var/www/html/ujian-tpd-wildani/vendor/laravel/framework/src/Illuminate/Pipeline/Pipeline.php(219): Illuminate\\Cookie\\Middleware\\AddQueuedCookiesToResponse->handle()
#26 /var/www/html/ujian-tpd-wildani/vendor/laravel/framework/src/Illuminate/Cookie/Middleware/EncryptCookies.php(74): Illuminate\\Pipeline\\Pipeline->Illuminate\\Pipeline\\{closure}()
#27 /var/www/html/ujian-tpd-wildani/vendor/laravel/framework/src/Illuminate/Pipeline/Pipeline.php(219): Illuminate\\Cookie\\Middleware\\EncryptCookies->handle()
#28 /var/www/html/ujian-tpd-wildani/vendor/laravel/framework/src/Illuminate/Pipeline/Pipeline.php(137): Illuminate\\Pipeline\\Pipeline->Illuminate\\Pipeline\\{closure}()
#29 /var/www/html/ujian-tpd-wildani/vendor/laravel/framework/src/Illuminate/Routing/Router.php(821): Illuminate\\Pipeline\\Pipeline->then()
#30 /var/www/html/ujian-tpd-wildani/vendor/laravel/framework/src/Illuminate/Routing/Router.php(800): Illuminate\\Routing\\Router->runRouteWithinStack()
#31 /var/www/html/ujian-tpd-wildani/vendor/laravel/framework/src/Illuminate/Routing/Router.php(764): Illuminate\\Routing\\Router->runRoute()
#32 /var/www/html/ujian-tpd-wildani/vendor/laravel/framework/src/Illuminate/Routing/Router.php(753): Illuminate\\Routing\\Router->dispatchToRoute()
#33 /var/www/html/ujian-tpd-wildani/vendor/laravel/framework/src/Illuminate/Foundation/Http/Kernel.php(200): Illuminate\\Routing\\Router->dispatch()
#34 /var/www/html/ujian-tpd-wildani/vendor/laravel/framework/src/Illuminate/Pipeline/Pipeline.php(180): Illuminate\\Foundation\\Http\\Kernel->Illuminate\\Foundation\\Http\\{closure}()
#35 /var/www/html/ujian-tpd-wildani/vendor/laravel/framework/src/Illuminate/Foundation/Http/Middleware/TransformsRequest.php(21): Illuminate\\Pipeline\\Pipeline->Illuminate\\Pipeline\\{closure}()
#36 /var/www/html/ujian-tpd-wildani/vendor/laravel/framework/src/Illuminate/Foundation/Http/Middleware/ConvertEmptyStringsToNull.php(31): Illuminate\\Foundation\\Http\\Middleware\\TransformsRequest->handle()
#37 /var/www/html/ujian-tpd-wildani/vendor/laravel/framework/src/Illuminate/Pipeline/Pipeline.php(219): Illuminate\\Foundation\\Http\\Middleware\\ConvertEmptyStringsToNull->handle()
#38 /var/www/html/ujian-tpd-wildani/vendor/laravel/framework/src/Illuminate/Foundation/Http/Middleware/TransformsRequest.php(21): Illuminate\\Pipeline\\Pipeline->Illuminate\\Pipeline\\{closure}()
#39 /var/www/html/ujian-tpd-wildani/vendor/laravel/framework/src/Illuminate/Foundation/Http/Middleware/TrimStrings.php(51): Illuminate\\Foundation\\Http\\Middleware\\TransformsRequest->handle()
#40 /var/www/html/ujian-tpd-wildani/vendor/laravel/framework/src/Illuminate/Pipeline/Pipeline.php(219): Illuminate\\Foundation\\Http\\Middleware\\TrimStrings->handle()
#41 /var/www/html/ujian-tpd-wildani/vendor/laravel/framework/src/Illuminate/Http/Middleware/ValidatePostSize.php(27): Illuminate\\Pipeline\\Pipeline->Illuminate\\Pipeline\\{closure}()
#42 /var/www/html/ujian-tpd-wildani/vendor/laravel/framework/src/Illuminate/Pipeline/Pipeline.php(219): Illuminate\\Http\\Middleware\\ValidatePostSize->handle()
#43 /var/www/html/ujian-tpd-wildani/vendor/laravel/framework/src/Illuminate/Foundation/Http/Middleware/PreventRequestsDuringMaintenance.php(109): Illuminate\\Pipeline\\Pipeline->Illuminate\\Pipeline\\{closure}()
#44 /var/www/html/ujian-tpd-wildani/vendor/laravel/framework/src/Illuminate/Pipeline/Pipeline.php(219): Illuminate\\Foundation\\Http\\Middleware\\PreventRequestsDuringMaintenance->handle()
#45 /var/www/html/ujian-tpd-wildani/vendor/laravel/framework/src/Illuminate/Http/Middleware/HandleCors.php(48): Illuminate\\Pipeline\\Pipeline->Illuminate\\Pipeline\\{closure}()
#46 /var/www/html/ujian-tpd-wildani/vendor/laravel/framework/src/Illuminate/Pipeline/Pipeline.php(219): Illuminate\\Http\\Middleware\\HandleCors->handle()
#47 /var/www/html/ujian-tpd-wildani/vendor/laravel/framework/src/Illuminate/Http/Middleware/TrustProxies.php(58): Illuminate\\Pipeline\\Pipeline->Illuminate\\Pipeline\\{closure}()
#48 /var/www/html/ujian-tpd-wildani/vendor/laravel/framework/src/Illuminate/Pipeline/Pipeline.php(219): Illuminate\\Http\\Middleware\\TrustProxies->handle()
#49 /var/www/html/ujian-tpd-wildani/vendor/laravel/framework/src/Illuminate/Foundation/Http/Middleware/InvokeDeferredCallbacks.php(22): Illuminate\\Pipeline\\Pipeline->Illuminate\\Pipeline\\{closure}()
#50 /var/www/html/ujian-tpd-wildani/vendor/laravel/framework/src/Illuminate/Pipeline/Pipeline.php(219): Illuminate\\Foundation\\Http\\Middleware\\InvokeDeferredCallbacks->handle()
#51 /var/www/html/ujian-tpd-wildani/vendor/laravel/framework/src/Illuminate/Http/Middleware/ValidatePathEncoding.php(26): Illuminate\\Pipeline\\Pipeline->Illuminate\\Pipeline\\{closure}()
#52 /var/www/html/ujian-tpd-wildani/vendor/laravel/framework/src/Illuminate/Pipeline/Pipeline.php(219): Illuminate\\Http\\Middleware\\ValidatePathEncoding->handle()
#53 /var/www/html/ujian-tpd-wildani/vendor/laravel/framework/src/Illuminate/Pipeline/Pipeline.php(137): Illuminate\\Pipeline\\Pipeline->Illuminate\\Pipeline\\{closure}()
#54 /var/www/html/ujian-tpd-wildani/vendor/laravel/framework/src/Illuminate/Foundation/Http/Kernel.php(175): Illuminate\\Pipeline\\Pipeline->then()
#55 /var/www/html/ujian-tpd-wildani/vendor/laravel/framework/src/Illuminate/Foundation/Http/Kernel.php(144): Illuminate\\Foundation\\Http\\Kernel->sendRequestThroughRouter()
#56 /var/www/html/ujian-tpd-wildani/vendor/laravel/framework/src/Illuminate/Foundation/Application.php(1220): Illuminate\\Foundation\\Http\\Kernel->handle()
#57 /var/www/html/ujian-tpd-wildani/public/index.php(20): Illuminate\\Foundation\\Application->handleRequest()
#58 /var/www/html/ujian-tpd-wildani/vendor/laravel/framework/src/Illuminate/Foundation/resources/server.php(23): require_once('...')
#59 {main}
"} 
